audio_id,split,label,suggested,p_label,p_suggested,reason,original_filename,source,path,score
AUD-005487,train,Background Noise,Animal Sound,0.0,1.0,model is sure it is Animal Sound,esc50_1-54505-A-21.wav,ESC-50:54505:sneezing,audio_dataset/processed/train/Background Noise/AUD-005487.wav,1.3
AUD-005544,train,Background Noise,Gunshot,0.0,1.0,model is sure it is Gunshot,esc50_2-117616-A-48.wav,ESC-50:117616:fireworks,audio_dataset/processed/train/Background Noise/AUD-005544.wav,1.3
AUD-005607,test,Background Noise,Animal Sound,0.0,1.0,model is sure it is Animal Sound,esc50_2-79775-A-26.wav,ESC-50:79775:laughing,audio_dataset/processed/test/Background Noise/AUD-005607.wav,1.3
AUD-005611,train,Background Noise,Glass Breaking,0.0,1.0,model is sure it is Glass Breaking,esc50_2-81190-A-34.wav,ESC-50:81190:can_opening,audio_dataset/processed/train/Background Noise/AUD-005611.wav,1.3
AUD-000693,train,Alarm or Siren,Background Noise,0.0,0.998,model is sure it is Background Noise,esc50_5-211408-A-37.wav,ESC-50:211408:clock_alarm,audio_dataset/processed/train/Alarm or Siren/AUD-000693.wav,1.3
AUD-000605,test,Glass Breaking,Background Noise,0.0,0.654,label gets a low probability,extra_freesound_community-glass-breaking-94894.mp3,extra:Glass Breaking (manual),audio_dataset/processed/test/Glass Breaking/AUD-000605.wav,1.3
AUD-005639,train,Background Noise,Animal Sound,0.0,1.0,model is sure it is Animal Sound,esc50_3-110536-A-26.wav,ESC-50:110536:laughing,audio_dataset/processed/train/Background Noise/AUD-005639.wav,1.3
AUD-005678,test,Background Noise,Glass Breaking,0.0,1.0,model is sure it is Glass Breaking,esc50_3-147342-A-34.wav,ESC-50:147342:can_opening,audio_dataset/processed/test/Background Noise/AUD-005678.wav,1.3
AUD-005073,val,Aggression,Panic Scream,0.0,1.0,model is sure it is Panic Scream,vsd_angry_113_00171.wav,VSD:angry_113@17.1-22.8s,audio_dataset/processed/val/Aggression/AUD-005073.wav,1.3
AUD-005081,train,Aggression,Background Noise,0.0,0.997,model is sure it is Background Noise,vsd_angry_121_00613.wav,VSD:angry_121@61.3-66.3s,audio_dataset/processed/train/Aggression/AUD-005081.wav,1.3
AUD-005153,train,Aggression,Animal Sound,0.0,1.0,model is sure it is Animal Sound,vsd_angry_182_00392.wav,VSD:angry_182@39.3-41.1s,audio_dataset/processed/train/Aggression/AUD-005153.wav,1.3
AUD-005154,train,Aggression,Animal Sound,0.0,1.0,model is sure it is Animal Sound,vsd_angry_182_00424.wav,VSD:angry_182@42.4-45.7s,audio_dataset/processed/train/Aggression/AUD-005154.wav,1.3
AUD-005177,train,Aggression,Gunshot,0.0,1.0,model is sure it is Gunshot,vsd_angry_204_00000.wav,VSD:angry_204@0.0-2.1s,audio_dataset/processed/train/Aggression/AUD-005177.wav,1.3
AUD-005182,train,Aggression,Gunshot,0.0,1.0,model is sure it is Gunshot,vsd_angry_204_01318.wav,VSD:angry_204@131.8-133.7s,audio_dataset/processed/train/Aggression/AUD-005182.wav,1.3
AUD-005011,train,Aggression,Background Noise,0.0,1.0,model is sure it is Background Noise,vsd_angry_084_00708.wav,VSD:angry_084@70.9-76.9s,audio_dataset/processed/train/Aggression/AUD-005011.wav,1.3
AUD-005013,train,Aggression,Animal Sound,0.0,0.868,model is sure it is Animal Sound,vsd_angry_085_00212.wav,VSD:angry_085@21.2-24.4s,audio_dataset/processed/train/Aggression/AUD-005013.wav,1.3
AUD-005022,val,Aggression,Animal Sound,0.0,0.986,model is sure it is Animal Sound,vsd_angry_092_00717.wav,VSD:angry_092@71.7-75.8s,audio_dataset/processed/val/Aggression/AUD-005022.wav,1.3
AUD-005024,train,Aggression,Panic Scream,0.0,0.999,model is sure it is Panic Scream,vsd_angry_093_00134.wav,VSD:angry_093@13.4-19.4s,audio_dataset/processed/train/Aggression/AUD-005024.wav,1.3
AUD-001374,train,Alarm or Siren,Animal Sound,0.0,0.98,model is sure it is Animal Sound,us8k_74364-8-1-0.wav,UrbanSound8K:74364:siren,audio_dataset/processed/train/Alarm or Siren/AUD-001374.wav,1.3
AUD-001427,train,Alarm or Siren,Animal Sound,0.0,1.0,model is sure it is Animal Sound,us8k_88121-8-1-0.wav,UrbanSound8K:88121:siren,audio_dataset/processed/train/Alarm or Siren/AUD-001427.wav,1.3
AUD-001428,train,Alarm or Siren,Animal Sound,0.0,0.997,model is sure it is Animal Sound,us8k_88121-8-2-0.wav,UrbanSound8K:88121:siren,audio_dataset/processed/train/Alarm or Siren/AUD-001428.wav,1.3
AUD-000659,train,Alarm or Siren,Gunshot,0.0,0.975,model is sure it is Gunshot,esc50_3-148297-A-37.wav,ESC-50:148297:clock_alarm,audio_dataset/processed/train/Alarm or Siren/AUD-000659.wav,1.3
AUD-000677,test,Alarm or Siren,Background Noise,0.0,0.98,model is sure it is Background Noise,esc50_4-204684-A-37.wav,ESC-50:204684:clock_alarm,audio_dataset/processed/test/Alarm or Siren/AUD-000677.wav,1.3
AUD-004910,train,Aggression,Background Noise,0.0,1.0,model is sure it is Background Noise,vsd_angry_018_00455.wav,VSD:angry_018@45.5-51.5s,audio_dataset/processed/train/Aggression/AUD-004910.wav,1.3
AUD-004912,val,Aggression,Background Noise,0.0,0.928,model is sure it is Background Noise,vsd_angry_021_00190.wav,VSD:angry_021@19.0-25.0s,audio_dataset/processed/val/Aggression/AUD-004912.wav,1.3
AUD-004919,val,Aggression,Animal Sound,0.0,1.0,model is sure it is Animal Sound,vsd_angry_026_00490.wav,VSD:angry_026@49.0-52.0s,audio_dataset/processed/val/Aggression/AUD-004919.wav,1.3
AUD-004934,train,Aggression,Animal Sound,0.0,0.999,model is sure it is Animal Sound,vsd_angry_039_00470.wav,VSD:angry_039@47.0-52.0s,audio_dataset/processed/train/Aggression/AUD-004934.wav,1.3
AUD-004582,train,Panic Scream,Animal Sound,0.0,0.984,model is sure it is Animal Sound,scream_LFfJ0bc8V1M_out.wav,Kaggle Human Screaming Detection:Screaming,audio_dataset/processed/train/Panic Scream/AUD-004582.wav,1.3
AUD-004618,train,Panic Scream,Alarm or Siren,0.0,0.954,model is sure it is Alarm or Siren,scream_N2ttrM3FlcQ_out.wav,Kaggle Human Screaming Detection:Screaming,audio_dataset/processed/train/Panic Scream/AUD-004618.wav,1.3
AUD-004649,val,Panic Scream,Background Noise,0.0,0.982,model is sure it is Background Noise,scream_oThV7hjNJaQ_out.wav,Kaggle Human Screaming Detection:Screaming,audio_dataset/processed/val/Panic Scream/AUD-004649.wav,1.3
AUD-004358,train,Panic Scream,Background Noise,0.0,1.0,model is sure it is Background Noise,scream_BfVcHcorGS8_out.wav,Kaggle Human Screaming Detection:Screaming,audio_dataset/processed/train/Panic Scream/AUD-004358.wav,1.3
AUD-004373,train,Panic Scream,Animal Sound,0.0,0.645,label gets a low probability,scream_C07OgADP2y0_out.wav,Kaggle Human Screaming Detection:Screaming,audio_dataset/processed/train/Panic Scream/AUD-004373.wav,1.3
AUD-004426,train,Panic Scream,Background Noise,0.0,1.0,model is sure it is Background Noise,scream_E-V7blxcItc_out.wav,Kaggle Human Screaming Detection:Screaming,audio_dataset/processed/train/Panic Scream/AUD-004426.wav,1.3
AUD-004451,train,Panic Scream,Background Noise,0.0,1.0,model is sure it is Background Noise,scream_FegpbrOw14k_out.wav,Kaggle Human Screaming Detection:Screaming,audio_dataset/processed/train/Panic Scream/AUD-004451.wav,1.3
AUD-004462,test,Panic Scream,Vehicle Horn,0.0,0.953,model is sure it is Vehicle Horn,scream_FrMqnic0t7E_out.wav,Kaggle Human Screaming Detection:Screaming,audio_dataset/processed/test/Panic Scream/AUD-004462.wav,1.3
AUD-004466,train,Panic Scream,Background Noise,0.0,1.0,model is sure it is Background Noise,scream_FwjZ2_87y1k_out.wav,Kaggle Human Screaming Detection:Screaming,audio_dataset/processed/train/Panic Scream/AUD-004466.wav,1.3
AUD-004538,test,Panic Scream,Animal Sound,0.0,0.998,model is sure it is Animal Sound,scream_jc8SPqDauFA_out.wav,Kaggle Human Screaming Detection:Screaming,audio_dataset/processed/test/Panic Scream/AUD-004538.wav,1.3
AUD-005904,train,Background Noise,Animal Sound,0.0,0.998,model is sure it is Animal Sound,esc50_5-210540-A-13.wav,ESC-50:210540:crickets,audio_dataset/processed/train/Background Noise/AUD-005904.wav,1.3
AUD-005913,train,Background Noise,Animal Sound,0.0,1.0,model is sure it is Animal Sound,esc50_5-219342-A-38.wav,ESC-50:219342:clock_tick,audio_dataset/processed/train/Background Noise/AUD-005913.wav,1.3
AUD-001504,train,Vehicle Horn,Background Noise,0.0,0.604,label gets a low probability,esc50_3-146697-A-43.wav,ESC-50:146697:car_horn,audio_dataset/processed/train/Vehicle Horn/AUD-001504.wav,1.3
AUD-004258,test,Panic Scream,Aggression,0.0,0.998,model is sure it is Aggression,scream_88SopTWiKLg_out.wav,Kaggle Human Screaming Detection:Screaming,audio_dataset/processed/test/Panic Scream/AUD-004258.wav,1.3
AUD-004265,train,Panic Scream,Background Noise,0.0,1.0,model is sure it is Background Noise,scream_8KLDKzOulAw_out.wav,Kaggle Human Screaming Detection:Screaming,audio_dataset/processed/train/Panic Scream/AUD-004265.wav,1.3
AUD-004094,train,Gunshot,Animal Sound,0.0,1.0,model is sure it is Animal Sound,us8k_78776-6-0-0.wav,UrbanSound8K:78776:gun_shot,audio_dataset/processed/train/Gunshot/AUD-004094.wav,1.3
AUD-004131,train,Panic Scream,Animal Sound,0.0,0.985,model is sure it is Animal Sound,scream_1HUt1HOLaeY_out.wav,Kaggle Human Screaming Detection:Screaming,audio_dataset/processed/train/Panic Scream/AUD-004131.wav,1.3
AUD-005994,train,Background Noise,Panic Scream,0.0,1.0,model is sure it is Panic Scream,extra_freesound_community-glass-wipe-75164.mp3,extra:Background Noise (manual),audio_dataset/processed/train/Background Noise/AUD-005994.wav,1.3
AUD-006281,train,Background Noise,Panic Scream,0.0,1.0,model is sure it is Panic Scream,notscream_1mOxqUT_AKc_out.wav,Kaggle Human Screaming Detection:NotScreaming,audio_dataset/processed/train/Background Noise/AUD-006281.wav,1.3
AUD-002759,test,Animal Sound,Gunshot,0.0,1.0,model is sure it is Gunshot,us8k_35629-3-3-0.wav,UrbanSound8K:35629:dog_bark,audio_dataset/processed/test/Animal Sound/AUD-002759.wav,1.3
AUD-003006,test,Animal Sound,Gunshot,0.0,1.0,model is sure it is Gunshot,us8k_86284-3-1-0.wav,UrbanSound8K:86284:dog_bark,audio_dataset/processed/test/Animal Sound/AUD-003006.wav,1.3
AUD-006290,train,Background Noise,Panic Scream,0.0,0.995,model is sure it is Panic Scream,notscream_2DtIskP6SN0_out.wav,Kaggle Human Screaming Detection:NotScreaming,audio_dataset/processed/train/Background Noise/AUD-006290.wav,1.3
AUD-006294,train,Background Noise,Panic Scream,0.0,0.995,model is sure it is Panic Scream,notscream_2XFwH-VGWjU_out.wav,Kaggle Human Screaming Detection:NotScreaming,audio_dataset/processed/train/Background Noise/AUD-006294.wav,1.3
AUD-006298,train,Background Noise,Panic Scream,0.0,1.0,model is sure it is Panic Scream,notscream_3dw4ETcqtQk_out.wav,Kaggle Human Screaming Detection:NotScreaming,audio_dataset/processed/train/Background Noise/AUD-006298.wav,1.3
AUD-006305,test,Background Noise,Panic Scream,0.0,1.0,model is sure it is Panic Scream,notscream_5bKeBLyRTz0_out.wav,Kaggle Human Screaming Detection:NotScreaming,audio_dataset/processed/test/Background Noise/AUD-006305.wav,1.3
AUD-006308,train,Background Noise,Panic Scream,0.0,0.999,model is sure it is Panic Scream,notscream_5gB0wpfKeOk_out.wav,Kaggle Human Screaming Detection:NotScreaming,audio_dataset/processed/train/Background Noise/AUD-006308.wav,1.3
AUD-006369,train,Background Noise,Panic Scream,0.0,1.0,model is sure it is Panic Scream,notscream_CcXfe1xEuhA_out.wav,Kaggle Human Screaming Detection:NotScreaming,audio_dataset/processed/train/Background Noise/AUD-006369.wav,1.3
AUD-006372,train,Background Noise,Panic Scream,0.0,1.0,model is sure it is Panic Scream,notscream_cKBekkF-cdo_out.wav,Kaggle Human Screaming Detection:NotScreaming,audio_dataset/processed/train/Background Noise/AUD-006372.wav,1.3
AUD-006635,train,Background Noise,Animal Sound,0.0,1.0,model is sure it is Animal Sound,rec_S00_20260924_015645_020.wav,team-recording:S00,audio_dataset/processed/train/Background Noise/AUD-006635.wav,1.3
AUD-006704,test,Background Noise,Animal Sound,0.0,0.997,model is sure it is Animal Sound,us8k_123399-2-0-19.wav,UrbanSound8K:123399:children_playing,audio_dataset/processed/test/Background Noise/AUD-006704.wav,1.3
AUD-001716,train,Vehicle Horn,Aggression,0.0,0.989,model is sure it is Aggression,us8k_71309-1-0-0.wav,UrbanSound8K:71309:car_horn,audio_dataset/processed/train/Vehicle Horn/AUD-001716.wav,1.3
AUD-001823,train,Vehicle Horn,Background Noise,0.0,1.0,model is sure it is Background Noise,us8k_7389-1-0-0.wav,UrbanSound8K:7389:car_horn,audio_dataset/processed/train/Vehicle Horn/AUD-001823.wav,1.3
AUD-001472,val,Alarm or Siren,Animal Sound,0.0,0.789,model is sure it is Animal Sound,us8k_94636-8-0-19.wav,UrbanSound8K:94636:siren,audio_dataset/processed/val/Alarm or Siren/AUD-001472.wav,1.3
AUD-002521,train,Animal Sound,Aggression,0.0,0.999,model is sure it is Aggression,us8k_175915-3-0-1.wav,UrbanSound8K:175915:dog_bark,audio_dataset/processed/train/Animal Sound/AUD-002521.wav,1.3
AUD-002590,test,Animal Sound,Vehicle Horn,0.0,0.996,model is sure it is Vehicle Horn,us8k_190996-3-0-8.wav,UrbanSound8K:190996:dog_bark,audio_dataset/processed/test/Animal Sound/AUD-002590.wav,1.3
AUD-002630,train,Animal Sound,Background Noise,0.0,0.999,model is sure it is Background Noise,us8k_197075-3-7-5.wav,UrbanSound8K:197075,audio_dataset/processed/train/Animal Sound/AUD-002630.wav,1.3
AUD-002652,val,Animal Sound,Background Noise,0.0,1.0,model is sure it is Background Noise,us8k_203356-3-0-1.wav,UrbanSound8K:203356:dog_bark,audio_dataset/processed/val/Animal Sound/AUD-002652.wav,1.3
AUD-002249,train,Animal Sound,Background Noise,0.0,1.0,model is sure it is Background Noise,esc50_5-233787-A-7.wav,ESC-50:233787:insects,audio_dataset/processed/train/Animal Sound/AUD-002249.wav,1.3
AUD-001842,train,Vehicle Horn,Background Noise,0.0,1.0,model is sure it is Background Noise,us8k_7389-1-4-0.wav,UrbanSound8K:7389:car_horn,audio_dataset/processed/train/Vehicle Horn/AUD-001842.wav,1.3
AUD-001922,train,Animal Sound,Aggression,0.0,0.907,model is sure it is Aggression,esc50_1-44831-A-1.wav,ESC-50:44831:rooster,audio_dataset/processed/train/Animal Sound/AUD-001922.wav,1.3
AUD-006574,train,Background Noise,Panic Scream,0.0,1.0,model is sure it is Panic Scream,notscream_vsDriIwNAmU_out.wav,Kaggle Human Screaming Detection:NotScreaming,audio_dataset/processed/train/Background Noise/AUD-006574.wav,1.3
AUD-006585,train,Background Noise,Panic Scream,0.0,1.0,model is sure it is Panic Scream,notscream_WyWE44m1TtA_out.wav,Kaggle Human Screaming Detection:NotScreaming,audio_dataset/processed/train/Background Noise/AUD-006585.wav,1.3
AUD-006606,train,Background Noise,Panic Scream,0.0,1.0,model is sure it is Panic Scream,notscream_yZ4Z2WZ5efw_out.wav,Kaggle Human Screaming Detection:NotScreaming,audio_dataset/processed/train/Background Noise/AUD-006606.wav,1.3
AUD-006609,train,Background Noise,Panic Scream,0.0,1.0,model is sure it is Panic Scream,notscream_zC3MxGNQ4fY_out.wav,Kaggle Human Screaming Detection:NotScreaming,audio_dataset/processed/train/Background Noise/AUD-006609.wav,1.3
AUD-002429,train,Animal Sound,Alarm or Siren,0.0,1.0,model is sure it is Alarm or Siren,us8k_155299-3-0-1.wav,UrbanSound8K:155299:dog_bark,audio_dataset/processed/train/Animal Sound/AUD-002429.wav,1.3
AUD-002479,train,Animal Sound,Background Noise,0.0,1.0,model is sure it is Background Noise,us8k_161923-3-0-5.wav,UrbanSound8K:161923:dog_bark,audio_dataset/processed/train/Animal Sound/AUD-002479.wav,1.3
AUD-006379,val,Background Noise,Panic Scream,0.0,1.0,model is sure it is Panic Scream,notscream_CVcySsjK8Es_out.wav,Kaggle Human Screaming Detection:NotScreaming,audio_dataset/processed/val/Background Noise/AUD-006379.wav,1.3
AUD-006382,train,Background Noise,Panic Scream,0.0,1.0,model is sure it is Panic Scream,notscream_D5ebkJwpPrg_out.wav,Kaggle Human Screaming Detection:NotScreaming,audio_dataset/processed/train/Background Noise/AUD-006382.wav,1.3
AUD-006384,train,Background Noise,Panic Scream,0.0,1.0,model is sure it is Panic Scream,notscream_DemqL00CVVQ_out.wav,Kaggle Human Screaming Detection:NotScreaming,audio_dataset/processed/train/Background Noise/AUD-006384.wav,1.3
AUD-006397,train,Background Noise,Panic Scream,0.0,1.0,model is sure it is Panic Scream,notscream_e5KzMxbeA2Q_out.wav,Kaggle Human Screaming Detection:NotScreaming,audio_dataset/processed/train/Background Noise/AUD-006397.wav,1.3
AUD-002201,train,Animal Sound,Background Noise,0.0,1.0,model is sure it is Background Noise,esc50_5-127990-A-2.wav,ESC-50:127990:pig,audio_dataset/processed/train/Animal Sound/AUD-002201.wav,1.3
AUD-002207,train,Animal Sound,Background Noise,0.0,0.994,model is sure it is Background Noise,esc50_5-172639-A-5.wav,ESC-50:172639:cat,audio_dataset/processed/train/Animal Sound/AUD-002207.wav,1.3
AUD-006458,test,Background Noise,Panic Scream,0.0,1.0,model is sure it is Panic Scream,notscream_JFbS_nVA-KI_out.wav,Kaggle Human Screaming Detection:NotScreaming,audio_dataset/processed/test/Background Noise/AUD-006458.wav,1.3
AUD-006490,train,Background Noise,Panic Scream,0.0,1.0,model is sure it is Panic Scream,notscream_mHPeZzWcOeQ_out.wav,Kaggle Human Screaming Detection:NotScreaming,audio_dataset/processed/train/Background Noise/AUD-006490.wav,1.3
AUD-002122,train,Animal Sound,Background Noise,0.0,1.0,model is sure it is Background Noise,esc50_4-143118-A-7.wav,ESC-50:143118:insects,audio_dataset/processed/train/Animal Sound/AUD-002122.wav,1.3
AUD-001945,test,Animal Sound,Background Noise,0.0,1.0,model is sure it is Background Noise,esc50_1-73585-A-7.wav,ESC-50:73585:insects,audio_dataset/processed/test/Animal Sound/AUD-001945.wav,1.3
AUD-001994,train,Animal Sound,Background Noise,0.0,1.0,model is sure it is Background Noise,esc50_2-160128-A-7.wav,ESC-50:160128:insects,audio_dataset/processed/train/Animal Sound/AUD-001994.wav,1.3
AUD-006500,train,Background Noise,Panic Scream,0.0,0.999,model is sure it is Panic Scream,notscream_nhoLUwa7wZY_out.wav,Kaggle Human Screaming Detection:NotScreaming,audio_dataset/processed/train/Background Noise/AUD-006500.wav,1.3
AUD-006521,val,Background Noise,Panic Scream,0.0,1.0,model is sure it is Panic Scream,notscream_Pdd2UAQu28g_out.wav,Kaggle Human Screaming Detection:NotScreaming,audio_dataset/processed/val/Background Noise/AUD-006521.wav,1.3
AUD-006523,train,Background Noise,Panic Scream,0.0,1.0,model is sure it is Panic Scream,notscream_PIdcZV3BNHU_out.wav,Kaggle Human Screaming Detection:NotScreaming,audio_dataset/processed/train/Background Noise/AUD-006523.wav,1.3
AUD-006549,train,Background Noise,Panic Scream,0.0,1.0,model is sure it is Panic Scream,notscream_StsMliJkaYk_out.wav,Kaggle Human Screaming Detection:NotScreaming,audio_dataset/processed/train/Background Noise/AUD-006549.wav,1.3
AUD-000542,test,Glass Breaking,Gunshot,0.0,1.0,model is sure it is Gunshot,esc50_1-84705-A-39.wav,ESC-50:84705:glass_breaking,audio_dataset/processed/test/Glass Breaking/AUD-000542.wav,1.3
AUD-000547,val,Glass Breaking,Background Noise,0.0,0.967,model is sure it is Background Noise,esc50_2-106881-A-39.wav,ESC-50:106881:glass_breaking,audio_dataset/processed/val/Glass Breaking/AUD-000547.wav,1.3
AUD-006847,test,Background Noise,Alarm or Siren,0.0,1.0,model is sure it is Alarm or Siren,us8k_205610-4-0-0.wav,UrbanSound8K:205610:drilling,audio_dataset/processed/test/Background Noise/AUD-006847.wav,1.3
AUD-006862,train,Background Noise,Gunshot,0.0,1.0,model is sure it is Gunshot,us8k_33340-7-15-0.wav,UrbanSound8K:33340:jackhammer,audio_dataset/processed/train/Background Noise/AUD-006862.wav,1.3
AUD-006887,test,Background Noise,Aggression,0.0,0.994,model is sure it is Aggression,us8k_60935-2-0-4.wav,UrbanSound8K:60935:children_playing,audio_dataset/processed/test/Background Noise/AUD-006887.wav,1.3
AUD-006782,test,Background Noise,Animal Sound,0.0,0.913,model is sure it is Animal Sound,us8k_175904-2-0-24.wav,UrbanSound8K:175904:children_playing,audio_dataset/processed/test/Background Noise/AUD-006782.wav,1.3
AUD-006800,test,Background Noise,Gunshot,0.0,1.0,model is sure it is Gunshot,us8k_17913-4-2-0.wav,UrbanSound8K:17913:drilling,audio_dataset/processed/test/Background Noise/AUD-006800.wav,1.3
AUD-000812,train,Alarm or Siren,Background Noise,0.001,0.998,model is sure it is Background Noise,us8k_121528-8-1-1.wav,UrbanSound8K:121528:siren,audio_dataset/processed/train/Alarm or Siren/AUD-000812.wav,1.299
AUD-006505,train,Background Noise,Panic Scream,0.001,0.999,model is sure it is Panic Scream,notscream_o274yH7D0Og_out.wav,Kaggle Human Screaming Detection:NotScreaming,audio_dataset/processed/train/Background Noise/AUD-006505.wav,1.299
AUD-006534,train,Background Noise,Panic Scream,0.001,0.999,model is sure it is Panic Scream,notscream_Qyq67PSyedI_out.wav,Kaggle Human Screaming Detection:NotScreaming,audio_dataset/processed/train/Background Noise/AUD-006534.wav,1.299
AUD-006532,train,Background Noise,Panic Scream,0.001,0.999,model is sure it is Panic Scream,notscream_qDXuGb91ld0_out.wav,Kaggle Human Screaming Detection:NotScreaming,audio_dataset/processed/train/Background Noise/AUD-006532.wav,1.299
AUD-001981,train,Animal Sound,Panic Scream,0.001,0.605,label gets a low probability,esc50_2-119161-B-8.wav,ESC-50:119161:sheep,audio_dataset/processed/train/Animal Sound/AUD-001981.wav,1.299
AUD-002037,val,Animal Sound,Background Noise,0.001,0.998,model is sure it is Background Noise,esc50_3-105236-A-7.wav,ESC-50:105236:insects,audio_dataset/processed/val/Animal Sound/AUD-002037.wav,1.299
AUD-005212,train,Person Asking for Help,Background Noise,0.001,0.993,model is sure it is Background Noise,rec_S03_20260924_033925_026.wav,team-recording:S03,audio_dataset/processed/train/Person Asking for Help/AUD-005212.wav,1.299
AUD-002101,train,Animal Sound,Background Noise,0.001,0.999,model is sure it is Background Noise,esc50_3-257858-A-2.wav,ESC-50:257858:pig,audio_dataset/processed/train/Animal Sound/AUD-002101.wav,1.299
AUD-002094,train,Animal Sound,Aggression,0.001,0.997,model is sure it is Aggression,esc50_3-233151-A-2.wav,ESC-50:233151:pig,audio_dataset/processed/train/Animal Sound/AUD-002094.wav,1.299
AUD-002053,test,Animal Sound,Background Noise,0.001,0.576,label gets a low probability,esc50_3-129264-A-9.wav,ESC-50:129264:crow,audio_dataset/processed/test/Animal Sound/AUD-002053.wav,1.299
AUD-006499,train,Background Noise,Panic Scream,0.001,0.999,model is sure it is Panic Scream,notscream_nck7Z9MtNIU_out.wav,Kaggle Human Screaming Detection:NotScreaming,audio_dataset/processed/train/Background Noise/AUD-006499.wav,1.299
AUD-006854,train,Background Noise,Vehicle Horn,0.001,0.981,model is sure it is Vehicle Horn,us8k_22883-7-81-0.wav,UrbanSound8K:22883:jackhammer,audio_dataset/processed/train/Background Noise/AUD-006854.wav,1.299
AUD-005636,train,Background Noise,Animal Sound,0.001,0.999,model is sure it is Animal Sound,esc50_3-107123-A-26.wav,ESC-50:107123:laughing,audio_dataset/processed/train/Background Noise/AUD-005636.wav,1.299
AUD-000689,train,Alarm or Siren,Vehicle Horn,0.001,0.915,model is sure it is Vehicle Horn,esc50_5-150409-A-42.wav,ESC-50:150409:siren,audio_dataset/processed/train/Alarm or Siren/AUD-000689.wav,1.299
AUD-006799,train,Background Noise,Animal Sound,0.001,0.938,model is sure it is Animal Sound,us8k_178826-2-0-14.wav,UrbanSound8K:178826:children_playing,audio_dataset/processed/train/Background Noise/AUD-006799.wav,1.299
AUD-000652,train,Alarm or Siren,Background Noise,0.001,0.993,model is sure it is Background Noise,esc50_3-117793-A-37.wav,ESC-50:117793:clock_alarm,audio_dataset/processed/train/Alarm or Siren/AUD-000652.wav,1.299
AUD-005588,train,Background Noise,Animal Sound,0.001,0.999,model is sure it is Animal Sound,esc50_2-60180-A-49.wav,ESC-50:60180:hand_saw,audio_dataset/processed/train/Background Noise/AUD-005588.wav,1.299
AUD-005489,train,Background Noise,Animal Sound,0.001,0.999,model is sure it is Animal Sound,esc50_1-58792-A-24.wav,ESC-50:58792:coughing,audio_dataset/processed/train/Background Noise/AUD-005489.wav,1.299
AUD-004276,train,Panic Scream,Background Noise,0.001,0.999,model is sure it is Background Noise,scream_8Vb69cN3uWQ_out.wav,Kaggle Human Screaming Detection:Screaming,audio_dataset/processed/train/Panic Scream/AUD-004276.wav,1.299
AUD-004409,train,Panic Scream,Background Noise,0.001,0.999,model is sure it is Background Noise,scream_DBPbNWss8zk_out.wav,Kaggle Human Screaming Detection:Screaming,audio_dataset/processed/train/Panic Scream/AUD-004409.wav,1.299
AUD-004311,train,Panic Scream,Animal Sound,0.001,0.702,model is sure it is Animal Sound,scream__TLzbbay6Hw_out.wav,Kaggle Human Screaming Detection:Screaming,audio_dataset/processed/train/Panic Scream/AUD-004311.wav,1.299
AUD-004685,val,Panic Scream,Background Noise,0.001,0.989,model is sure it is Background Noise,scream_QaFvrx3r8k4_out.wav,Kaggle Human Screaming Detection:Screaming,audio_dataset/processed/val/Panic Scream/AUD-004685.wav,1.299
AUD-005806,train,Background Noise,Animal Sound,0.001,0.999,model is sure it is Animal Sound,esc50_4-181599-A-26.wav,ESC-50:181599:laughing,audio_dataset/processed/train/Background Noise/AUD-005806.wav,1.299
AUD-002529,train,Animal Sound,Background Noise,0.001,0.517,label gets a low probability,us8k_17615-3-0-4.wav,UrbanSound8K:17615:dog_bark,audio_dataset/processed/train/Animal Sound/AUD-002529.wav,1.299
AUD-006338,val,Background Noise,Panic Scream,0.001,0.999,model is sure it is Panic Scream,notscream_9Nw0H-NeX-4_out.wav,Kaggle Human Screaming Detection:NotScreaming,audio_dataset/processed/val/Background Noise/AUD-006338.wav,1.299
AUD-006668,test,Background Noise,Animal Sound,0.001,0.949,model is sure it is Animal Sound,rec_S01_20260924_105510_013.wav,team-recording:S01,audio_dataset/processed/test/Background Noise/AUD-006668.wav,1.299
AUD-001364,test,Alarm or Siren,Animal Sound,0.001,0.548,label gets a low probability,us8k_70740-8-0-0.wav,UrbanSound8K:70740:siren,audio_dataset/processed/test/Alarm or Siren/AUD-001364.wav,1.299
AUD-001491,train,Vehicle Horn,Background Noise,0.001,0.976,model is sure it is Background Noise,esc50_1-254507-A-43.wav,ESC-50:254507:car_horn,audio_dataset/processed/train/Vehicle Horn/AUD-001491.wav,1.299
AUD-004754,test,Panic Scream,Background Noise,0.001,0.999,model is sure it is Background Noise,scream_ThWk-DFLmeU_out.wav,Kaggle Human Screaming Detection:Screaming,audio_dataset/processed/test/Panic Scream/AUD-004754.wav,1.299
AUD-004758,train,Panic Scream,Background Noise,0.001,0.999,model is sure it is Background Noise,scream_TlFSjfGa5Bc_out.wav,Kaggle Human Screaming Detection:Screaming,audio_dataset/processed/train/Panic Scream/AUD-004758.wav,1.299
AUD-006381,test,Background Noise,Panic Scream,0.001,0.999,model is sure it is Panic Scream,notscream_CZmiS6QsfJU_out.wav,Kaggle Human Screaming Detection:NotScreaming,audio_dataset/processed/test/Background Noise/AUD-006381.wav,1.299
AUD-002373,val,Animal Sound,Gunshot,0.001,0.999,model is sure it is Gunshot,us8k_118963-3-0-0.wav,UrbanSound8K:118963:dog_bark,audio_dataset/processed/val/Animal Sound/AUD-002373.wav,1.299
AUD-006461,val,Background Noise,Vehicle Horn,0.001,0.672,label gets a low probability,notscream_jklPXWVY718_out.wav,Kaggle Human Screaming Detection:NotScreaming,audio_dataset/processed/val/Background Noise/AUD-006461.wav,1.299
AUD-002199,train,Animal Sound,Aggression,0.001,0.992,model is sure it is Aggression,esc50_5-103421-A-2.wav,ESC-50:103421:pig,audio_dataset/processed/train/Animal Sound/AUD-002199.wav,1.299
AUD-002163,train,Animal Sound,Background Noise,0.001,0.998,model is sure it is Background Noise,esc50_4-191246-B-7.wav,ESC-50:191246:insects,audio_dataset/processed/train/Animal Sound/AUD-002163.wav,1.299
AUD-005084,train,Aggression,Animal Sound,0.001,0.999,model is sure it is Animal Sound,vsd_angry_122_03545.wav,VSD:angry_122@354.5-356.1s,audio_dataset/processed/train/Aggression/AUD-005084.wav,1.299
AUD-005855,train,Background Noise,Animal Sound,0.001,0.999,model is sure it is Animal Sound,esc50_4-59579-B-20.wav,ESC-50:59579:crying_baby,audio_dataset/processed/train/Background Noise/AUD-005855.wav,1.299
AUD-004224,train,Panic Scream,Background Noise,0.001,0.999,model is sure it is Background Noise,scream_6AFVlijRSNU_out.wav,Kaggle Human Screaming Detection:Screaming,audio_dataset/processed/train/Panic Scream/AUD-004224.wav,1.299
AUD-004271,train,Panic Scream,Background Noise,0.001,0.997,model is sure it is Background Noise,scream_8nyGDRdrruw_out.wav,Kaggle Human Screaming Detection:Screaming,audio_dataset/processed/train/Panic Scream/AUD-004271.wav,1.299
AUD-006895,train,Background Noise,Animal Sound,0.002,0.997,model is sure it is Animal Sound,us8k_66000-9-0-0.wav,UrbanSound8K:66000:street_music,audio_dataset/processed/train/Background Noise/AUD-006895.wav,1.298
AUD-001523,train,Vehicle Horn,Animal Sound,0.002,0.762,model is sure it is Animal Sound,esc50_5-179868-A-43.wav,ESC-50:179868:car_horn,audio_dataset/processed/train/Vehicle Horn/AUD-001523.wav,1.298
AUD-006745,train,Background Noise,Alarm or Siren,0.002,0.998,model is sure it is Alarm or Siren,us8k_155242-9-0-15.wav,UrbanSound8K:155242:street_music,audio_dataset/processed/train/Background Noise/AUD-006745.wav,1.298
AUD-004196,train,Panic Scream,Background Noise,0.002,0.997,model is sure it is Background Noise,scream_4xTGouBKGN4_out.wav,Kaggle Human Screaming Detection:Screaming,audio_dataset/processed/train/Panic Scream/AUD-004196.wav,1.298
AUD-005887,train,Background Noise,Panic Scream,0.002,0.996,model is sure it is Panic Scream,esc50_5-198411-D-20.wav,ESC-50:198411:crying_baby,audio_dataset/processed/train/Background Noise/AUD-005887.wav,1.298
AUD-005787,val,Background Noise,Animal Sound,0.002,0.962,model is sure it is Animal Sound,esc50_4-167571-A-26.wav,ESC-50:167571:laughing,audio_dataset/processed/val/Background Noise/AUD-005787.wav,1.298
AUD-005870,train,Background Noise,Panic Scream,0.002,0.718,model is sure it is Panic Scream,esc50_5-181458-A-33.wav,ESC-50:181458:door_wood_creaks,audio_dataset/processed/train/Background Noise/AUD-005870.wav,1.298
AUD-000636,test,Alarm or Siren,Background Noise,0.002,0.997,model is sure it is Background Noise,esc50_2-102435-A-37.wav,ESC-50:102435:clock_alarm,audio_dataset/processed/test/Alarm or Siren/AUD-000636.wav,1.298
AUD-006424,train,Background Noise,Panic Scream,0.002,0.998,model is sure it is Panic Scream,notscream_GjE_iD2BbFg_out.wav,Kaggle Human Screaming Detection:NotScreaming,audio_dataset/processed/train/Background Noise/AUD-006424.wav,1.298
AUD-004610,train,Panic Scream,Aggression,0.002,0.694,label gets a low probability,scream_MStmROOpspI_out.wav,Kaggle Human Screaming Detection:Screaming,audio_dataset/processed/train/Panic Scream/AUD-004610.wav,1.298
AUD-004942,test,Aggression,Alarm or Siren,0.002,0.87,model is sure it is Alarm or Siren,vsd_angry_049_00280.wav,VSD:angry_049@28.0-31.0s,audio_dataset/processed/test/Aggression/AUD-004942.wav,1.298
AUD-006452,train,Background Noise,Panic Scream,0.002,0.998,model is sure it is Panic Scream,notscream_iUxy2s5d60o_out.wav,Kaggle Human Screaming Detection:NotScreaming,audio_dataset/processed/train/Background Noise/AUD-006452.wav,1.298
AUD-005156,val,Aggression,Animal Sound,0.002,0.775,model is sure it is Animal Sound,vsd_angry_191_01171.wav,VSD:angry_191@117.1-119.9s,audio_dataset/processed/val/Aggression/AUD-005156.wav,1.298
AUD-005185,train,Aggression,Background Noise,0.002,0.998,model is sure it is Background Noise,vsd_angry_204_01835.wav,VSD:angry_204@183.5-187.9s,audio_dataset/processed/train/Aggression/AUD-005185.wav,1.298
AUD-000561,train,Glass Breaking,Background Noise,0.002,0.448,label gets a low probability,esc50_3-216281-A-39.wav,ESC-50:216281:glass_breaking,audio_dataset/processed/train/Glass Breaking/AUD-000561.wav,1.298
AUD-002064,val,Animal Sound,Background Noise,0.002,0.704,model is sure it is Background Noise,esc50_3-146972-A-5.wav,ESC-50:146972:cat,audio_dataset/processed/val/Animal Sound/AUD-002064.wav,1.298
AUD-006501,val,Background Noise,Animal Sound,0.002,0.982,model is sure it is Animal Sound,notscream_NK92DUyyngc_out.wav,Kaggle Human Screaming Detection:NotScreaming,audio_dataset/processed/val/Background Noise/AUD-006501.wav,1.298
AUD-000619,val,Glass Breaking,Background Noise,0.002,0.803,model is sure it is Background Noise,extra_wings_of_freedom-broken-glass-403772.mp3,extra:Glass Breaking (manual),audio_dataset/processed/val/Glass Breaking/AUD-000619.wav,1.298
AUD-001628,train,Vehicle Horn,Gunshot,0.003,0.996,model is sure it is Gunshot,us8k_185436-1-5-0.wav,UrbanSound8K:185436:car_horn,audio_dataset/processed/train/Vehicle Horn/AUD-001628.wav,1.297
AUD-006524,train,Background Noise,Panic Scream,0.003,0.997,model is sure it is Panic Scream,notscream_pk0xBpBk0s0_out.wav,Kaggle Human Screaming Detection:NotScreaming,audio_dataset/processed/train/Background Noise/AUD-006524.wav,1.297
AUD-002098,train,Animal Sound,Background Noise,0.003,0.997,model is sure it is Background Noise,esc50_3-253084-C-2.wav,ESC-50:253084:pig,audio_dataset/processed/train/Animal Sound/AUD-002098.wav,1.297
AUD-004547,train,Panic Scream,Background Noise,0.003,0.997,model is sure it is Background Noise,scream_JNsG1IJDY6Y_out.wav,Kaggle Human Screaming Detection:Screaming,audio_dataset/processed/train/Panic Scream/AUD-004547.wav,1.297
AUD-001495,test,Vehicle Horn,Animal Sound,0.003,0.77,model is sure it is Animal Sound,esc50_2-100648-A-43.wav,ESC-50:100648:car_horn,audio_dataset/processed/test/Vehicle Horn/AUD-001495.wav,1.297
AUD-005181,train,Aggression,Background Noise,0.003,0.908,model is sure it is Background Noise,vsd_angry_204_00882.wav,VSD:angry_204@88.3-94.3s,audio_dataset/processed/train/Aggression/AUD-005181.wav,1.297
AUD-006414,train,Background Noise,Panic Scream,0.003,0.997,model is sure it is Panic Scream,notscream_fWTrDugFpko_out.wav,Kaggle Human Screaming Detection:NotScreaming,audio_dataset/processed/train/Background Noise/AUD-006414.wav,1.297
AUD-002184,train,Animal Sound,Panic Scream,0.003,0.989,model is sure it is Panic Scream,esc50_4-250864-A-8.wav,ESC-50:250864:sheep,audio_dataset/processed/train/Animal Sound/AUD-002184.wav,1.297
AUD-006720,train,Background Noise,Animal Sound,0.003,0.996,model is sure it is Animal Sound,us8k_142003-2-0-8.wav,UrbanSound8K:142003:children_playing,audio_dataset/processed/train/Background Noise/AUD-006720.wav,1.297
AUD-004098,train,Gunshot,Animal Sound,0.003,0.984,model is sure it is Animal Sound,us8k_93139-6-0-0.wav,UrbanSound8K:93139:gun_shot,audio_dataset/processed/train/Gunshot/AUD-004098.wav,1.297
AUD-005812,val,Background Noise,Animal Sound,0.003,0.997,model is sure it is Animal Sound,esc50_4-182839-A-17.wav,ESC-50:182839:pouring_water,audio_dataset/processed/val/Background Noise/AUD-005812.wav,1.297
AUD-005199,train,Person Asking for Help,Animal Sound,0.004,0.633,label gets a low probability,rec_S01_20260924_031742_011.wav,team-recording:S01,audio_dataset/processed/train/Person Asking for Help/AUD-005199.wav,1.296
AUD-002564,test,Animal Sound,Background Noise,0.004,0.687,label gets a low probability,us8k_183989-3-1-23.wav,UrbanSound8K:183989,audio_dataset/processed/test/Animal Sound/AUD-002564.wav,1.296
AUD-000657,train,Alarm or Siren,Background Noise,0.004,0.992,model is sure it is Background Noise,esc50_3-132340-A-37.wav,ESC-50:132340:clock_alarm,audio_dataset/processed/train/Alarm or Siren/AUD-000657.wav,1.296
AUD-001518,val,Vehicle Horn,Background Noise,0.004,0.988,model is sure it is Background Noise,esc50_4-191015-A-43.wav,ESC-50:191015:car_horn,audio_dataset/processed/val/Vehicle Horn/AUD-001518.wav,1.296
AUD-005623,train,Background Noise,Animal Sound,0.004,0.996,model is sure it is Animal Sound,esc50_2-87795-A-24.wav,ESC-50:87795:coughing,audio_dataset/processed/train/Background Noise/AUD-005623.wav,1.296
AUD-004072,train,Gunshot,Background Noise,0.004,0.763,model is sure it is Background Noise,us8k_7061-6-0-0.wav,UrbanSound8K:7061:gun_shot,audio_dataset/processed/train/Gunshot/AUD-004072.wav,1.296
AUD-005037,train,Aggression,Background Noise,0.004,0.979,model is sure it is Background Noise,vsd_angry_095_00098.wav,VSD:angry_095@9.8-15.8s,audio_dataset/processed/train/Aggression/AUD-005037.wav,1.296
AUD-006274,train,Background Noise,Panic Scream,0.004,0.996,model is sure it is Panic Scream,notscream_1_cwgiVIRJw_out.wav,Kaggle Human Screaming Detection:NotScreaming,audio_dataset/processed/train/Background Noise/AUD-006274.wav,1.296
AUD-002185,train,Animal Sound,Background Noise,0.004,0.996,model is sure it is Background Noise,esc50_4-250869-A-2.wav,ESC-50:250869:pig,audio_dataset/processed/train/Animal Sound/AUD-002185.wav,1.296
AUD-004935,train,Aggression,Animal Sound,0.004,0.969,model is sure it is Animal Sound,vsd_angry_042_00180.wav,VSD:angry_042@18.0-20.0s,audio_dataset/processed/train/Aggression/AUD-004935.wav,1.296
AUD-005699,train,Background Noise,Aggression,0.004,0.986,model is sure it is Aggression,esc50_3-152912-A-26.wav,ESC-50:152912:laughing,audio_dataset/processed/train/Background Noise/AUD-005699.wav,1.296
AUD-000109,test,Machinery Fault,Background Noise,0.004,0.996,model is sure it is Background Noise,mimii_mimii_00000108.wav,MIMII:mimii:abnormal,audio_dataset/processed/test/Machinery Fault/AUD-000109.wav,1.296
AUD-005465,train,Background Noise,Gunshot,0.005,0.995,model is sure it is Gunshot,esc50_1-31748-A-21.wav,ESC-50:31748:sneezing,audio_dataset/processed/train/Background Noise/AUD-005465.wav,1.295
AUD-002119,train,Animal Sound,Vehicle Horn,0.005,0.716,model is sure it is Vehicle Horn,esc50_4-133895-A-7.wav,ESC-50:133895:insects,audio_dataset/processed/train/Animal Sound/AUD-002119.wav,1.295
AUD-005481,train,Background Noise,Animal Sound,0.005,0.993,model is sure it is Animal Sound,esc50_1-47274-A-21.wav,ESC-50:47274:sneezing,audio_dataset/processed/train/Background Noise/AUD-005481.wav,1.295
AUD-000563,train,Glass Breaking,Gunshot,0.005,0.994,model is sure it is Gunshot,esc50_4-204115-A-39.wav,ESC-50:204115:glass_breaking,audio_dataset/processed/train/Glass Breaking/AUD-000563.wav,1.295
AUD-004431,train,Panic Scream,Aggression,0.005,0.91,model is sure it is Aggression,scream_e7i3GXL0iuU_out.wav,Kaggle Human Screaming Detection:Screaming,audio_dataset/processed/train/Panic Scream/AUD-004431.wav,1.295
AUD-005012,train,Aggression,Animal Sound,0.005,0.914,model is sure it is Animal Sound,vsd_angry_085_00132.wav,VSD:angry_085@13.2-17.3s,audio_dataset/processed/train/Aggression/AUD-005012.wav,1.295
AUD-006901,train,Background Noise,Alarm or Siren,0.005,0.993,model is sure it is Alarm or Siren,us8k_73524-0-0-54.wav,UrbanSound8K:73524:air_conditioner,audio_dataset/processed/train/Background Noise/AUD-006901.wav,1.295
AUD-004240,test,Panic Scream,Background Noise,0.005,0.891,model is sure it is Background Noise,scream_7ag2YQ1Kn2c_out.wav,Kaggle Human Screaming Detection:Screaming,audio_dataset/processed/test/Panic Scream/AUD-004240.wav,1.295
AUD-002178,train,Animal Sound,Background Noise,0.005,0.988,model is sure it is Background Noise,esc50_4-223125-A-14.wav,ESC-50:223125:chirping_birds,audio_dataset/processed/train/Animal Sound/AUD-002178.wav,1.295
AUD-005609,val,Background Noise,Animal Sound,0.005,0.978,model is sure it is Animal Sound,esc50_2-80844-A-13.wav,ESC-50:80844:crickets,audio_dataset/processed/val/Background Noise/AUD-005609.wav,1.295
AUD-006478,train,Background Noise,Panic Scream,0.006,0.994,model is sure it is Panic Scream,notscream_L9cNzJUOYuk_out.wav,Kaggle Human Screaming Detection:NotScreaming,audio_dataset/processed/train/Background Noise/AUD-006478.wav,1.294
AUD-002217,train,Animal Sound,Background Noise,0.006,0.993,model is sure it is Background Noise,esc50_5-194932-A-7.wav,ESC-50:194932:insects,audio_dataset/processed/train/Animal Sound/AUD-002217.wav,1.294
AUD-006750,train,Background Noise,Alarm or Siren,0.006,0.986,model is sure it is Alarm or Siren,us8k_158593-2-0-52.wav,UrbanSound8K:158593:children_playing,audio_dataset/processed/train/Background Noise/AUD-006750.wav,1.294
AUD-001299,train,Alarm or Siren,Vehicle Horn,0.006,0.994,model is sure it is Vehicle Horn,us8k_28426-8-0-0.wav,UrbanSound8K:28426:siren,audio_dataset/processed/train/Alarm or Siren/AUD-001299.wav,1.294
AUD-002263,train,Animal Sound,Background Noise,0.006,0.994,model is sure it is Background Noise,esc50_5-244315-C-6.wav,ESC-50:244315:hen,audio_dataset/processed/train/Animal Sound/AUD-002263.wav,1.294
AUD-006817,val,Background Noise,Animal Sound,0.006,0.99,model is sure it is Animal Sound,us8k_182739-2-0-35.wav,UrbanSound8K:182739:children_playing,audio_dataset/processed/val/Background Noise/AUD-006817.wav,1.294
AUD-001508,val,Vehicle Horn,Background Noise,0.006,0.994,model is sure it is Background Noise,esc50_3-161010-A-43.wav,ESC-50:161010:car_horn,audio_dataset/processed/val/Vehicle Horn/AUD-001508.wav,1.294
AUD-005967,train,Background Noise,Animal Sound,0.006,0.994,model is sure it is Animal Sound,extra_floraphonic-empty-glass-table-foley-slide-9-237635.mp3,extra:Background Noise (manual),audio_dataset/processed/train/Background Noise/AUD-005967.wav,1.294
AUD-006691,train,Background Noise,Animal Sound,0.006,0.994,model is sure it is Animal Sound,us8k_106905-5-0-0.wav,UrbanSound8K:106905:engine_idling,audio_dataset/processed/train/Background Noise/AUD-006691.wav,1.294
AUD-001784,val,Vehicle Horn,Animal Sound,0.006,0.714,model is sure it is Animal Sound,us8k_72259-1-9-1.wav,UrbanSound8K:72259:car_horn,audio_dataset/processed/val/Vehicle Horn/AUD-001784.wav,1.294
AUD-004923,train,Aggression,Panic Scream,0.006,0.99,model is sure it is Panic Scream,vsd_angry_032_00140.wav,VSD:angry_032@14.0-20.0s,audio_dataset/processed/train/Aggression/AUD-004923.wav,1.294
AUD-001843,test,Vehicle Horn,Background Noise,0.006,0.993,model is sure it is Background Noise,us8k_7389-1-4-1.wav,UrbanSound8K:7389:car_horn,audio_dataset/processed/test/Vehicle Horn/AUD-001843.wav,1.294
AUD-006611,train,Background Noise,Panic Scream,0.007,0.984,model is sure it is Panic Scream,notscream_ZmbO1DwmUZY_out.wav,Kaggle Human Screaming Detection:NotScreaming,audio_dataset/processed/train/Background Noise/AUD-006611.wav,1.293
AUD-006719,train,Background Noise,Alarm or Siren,0.007,0.599,label gets a low probability,us8k_142003-2-0-0.wav,UrbanSound8K:142003:children_playing,audio_dataset/processed/train/Background Noise/AUD-006719.wav,1.293
AUD-006324,train,Background Noise,Panic Scream,0.007,0.993,model is sure it is Panic Scream,notscream_82EHZ4_pTps_out.wav,Kaggle Human Screaming Detection:NotScreaming,audio_dataset/processed/train/Background Noise/AUD-006324.wav,1.293
AUD-006407,train,Background Noise,Panic Scream,0.007,0.993,model is sure it is Panic Scream,notscream_fGPfAwuoYf8_out.wav,Kaggle Human Screaming Detection:NotScreaming,audio_dataset/processed/train/Background Noise/AUD-006407.wav,1.293
AUD-004730,train,Panic Scream,Background Noise,0.007,0.992,model is sure it is Background Noise,scream_ShK1-OLPJqA_out.wav,Kaggle Human Screaming Detection:Screaming,audio_dataset/processed/train/Panic Scream/AUD-004730.wav,1.293
AUD-006910,train,Background Noise,Animal Sound,0.007,0.989,model is sure it is Animal Sound,us8k_79089-0-0-52.wav,UrbanSound8K:79089:air_conditioner,audio_dataset/processed/train/Background Noise/AUD-006910.wav,1.293
AUD-006553,train,Background Noise,Panic Scream,0.007,0.993,model is sure it is Panic Scream,notscream_TcoRmHHHNgI_out.wav,Kaggle Human Screaming Detection:NotScreaming,audio_dataset/processed/train/Background Noise/AUD-006553.wav,1.293
AUD-006539,train,Background Noise,Panic Scream,0.007,0.993,model is sure it is Panic Scream,notscream_rmprN7i_f_4_out.wav,Kaggle Human Screaming Detection:NotScreaming,audio_dataset/processed/train/Background Noise/AUD-006539.wav,1.293
AUD-006882,test,Background Noise,Animal Sound,0.007,0.991,model is sure it is Animal Sound,us8k_57320-0-0-37.wav,UrbanSound8K:57320:air_conditioner,audio_dataset/processed/test/Background Noise/AUD-006882.wav,1.293
AUD-001309,train,Alarm or Siren,Background Noise,0.007,0.992,model is sure it is Background Noise,us8k_34952-8-0-7.wav,UrbanSound8K:34952:siren,audio_dataset/processed/train/Alarm or Siren/AUD-001309.wav,1.293
AUD-005762,test,Background Noise,Animal Sound,0.007,0.993,model is sure it is Animal Sound,esc50_4-144083-C-16.wav,ESC-50:144083:wind,audio_dataset/processed/test/Background Noise/AUD-005762.wav,1.293
AUD-004370,train,Panic Scream,Background Noise,0.007,0.993,model is sure it is Background Noise,scream_bXABYl3QEqY_out.wav,Kaggle Human Screaming Detection:Screaming,audio_dataset/processed/train/Panic Scream/AUD-004370.wav,1.293
AUD-000565,val,Glass Breaking,Gunshot,0.008,0.977,model is sure it is Gunshot,esc50_4-204121-A-39.wav,ESC-50:204121:glass_breaking,audio_dataset/processed/val/Glass Breaking/AUD-000565.wav,1.292
AUD-000603,train,Glass Breaking,Gunshot,0.008,0.823,model is sure it is Gunshot,extra_freesound_community-glass-break-2-80964.mp3,extra:Glass Breaking (manual),audio_dataset/processed/train/Glass Breaking/AUD-000603.wav,1.292
AUD-005572,val,Background Noise,Glass Breaking,0.008,0.99,model is sure it is Glass Breaking,esc50_2-144031-A-34.wav,ESC-50:144031:can_opening,audio_dataset/processed/val/Background Noise/AUD-005572.wav,1.292
AUD-005816,val,Background Noise,Aggression,0.008,0.992,model is sure it is Aggression,esc50_4-185575-B-20.wav,ESC-50:185575:crying_baby,audio_dataset/processed/val/Background Noise/AUD-005816.wav,1.292
AUD-004537,train,Panic Scream,Background Noise,0.008,0.812,model is sure it is Background Noise,scream_jBhXmVgGfTw_out.wav,Kaggle Human Screaming Detection:Screaming,audio_dataset/processed/train/Panic Scream/AUD-004537.wav,1.292
AUD-006442,train,Background Noise,Panic Scream,0.008,0.991,model is sure it is Panic Scream,notscream_ibrI5oETbRg_out.wav,Kaggle Human Screaming Detection:NotScreaming,audio_dataset/processed/train/Background Noise/AUD-006442.wav,1.292
AUD-005186,train,Aggression,Background Noise,0.009,0.71,model is sure it is Background Noise,vsd_angry_204_01921.wav,VSD:angry_204@192.2-198.2s,audio_dataset/processed/train/Aggression/AUD-005186.wav,1.291
AUD-005446,val,Background Noise,Animal Sound,0.009,0.977,model is sure it is Animal Sound,esc50_1-211527-B-20.wav,ESC-50:211527:crying_baby,audio_dataset/processed/val/Background Noise/AUD-005446.wav,1.291
AUD-001830,train,Vehicle Horn,Background Noise,0.009,0.609,label gets a low probability,us8k_7389-1-0-7.wav,UrbanSound8K:7389:car_horn,audio_dataset/processed/train/Vehicle Horn/AUD-001830.wav,1.291
AUD-006563,train,Background Noise,Machinery Fault,0.009,0.983,model is sure it is Machinery Fault,notscream_UnZ6ZqpNRts_out.wav,Kaggle Human Screaming Detection:NotScreaming,audio_dataset/processed/train/Background Noise/AUD-006563.wav,1.291
AUD-006008,train,Background Noise,Glass Breaking,0.009,0.991,model is sure it is Glass Breaking,extra_universfield-glass-hit-192119.mp3,extra:Background Noise (manual),audio_dataset/processed/train/Background Noise/AUD-006008.wav,1.291
AUD-000658,test,Alarm or Siren,Background Noise,0.009,0.983,model is sure it is Background Noise,esc50_3-139958-A-37.wav,ESC-50:139958:clock_alarm,audio_dataset/processed/test/Alarm or Siren/AUD-000658.wav,1.291
AUD-004559,train,Panic Scream,Background Noise,0.009,0.991,model is sure it is Background Noise,scream_KaDNaBWcn-w_out.wav,Kaggle Human Screaming Detection:Screaming,audio_dataset/processed/train/Panic Scream/AUD-004559.wav,1.291
AUD-006356,train,Background Noise,Panic Scream,0.009,0.991,model is sure it is Panic Scream,notscream_b_KtUga1_pg_out.wav,Kaggle Human Screaming Detection:NotScreaming,audio_dataset/processed/train/Background Noise/AUD-006356.wav,1.291
AUD-005471,train,Background Noise,Gunshot,0.009,0.991,model is sure it is Gunshot,esc50_1-36402-A-23.wav,ESC-50:36402:breathing,audio_dataset/processed/train/Background Noise/AUD-005471.wav,1.291
AUD-001460,test,Alarm or Siren,Animal Sound,0.009,0.989,model is sure it is Animal Sound,us8k_94020-8-0-0.wav,UrbanSound8K:94020:siren,audio_dataset/processed/test/Alarm or Siren/AUD-001460.wav,1.291
AUD-006798,train,Background Noise,Alarm or Siren,0.01,0.606,label gets a low probability,us8k_178825-2-0-95.wav,UrbanSound8K:178825:children_playing,audio_dataset/processed/train/Background Noise/AUD-006798.wav,1.29
AUD-001999,train,Animal Sound,Background Noise,0.01,0.98,model is sure it is Background Noise,esc50_2-196688-A-8.wav,ESC-50:196688:sheep,audio_dataset/processed/train/Animal Sound/AUD-001999.wav,1.29
AUD-004327,train,Panic Scream,Background Noise,0.01,0.99,model is sure it is Background Noise,scream_AJpUGLilIqI_out.wav,Kaggle Human Screaming Detection:Screaming,audio_dataset/processed/train/Panic Scream/AUD-004327.wav,1.29
AUD-005082,train,Aggression,Background Noise,0.011,0.987,model is sure it is Background Noise,vsd_angry_121_02584.wav,VSD:angry_121@258.4-264.4s,audio_dataset/processed/train/Aggression/AUD-005082.wav,1.289
AUD-000892,val,Alarm or Siren,Animal Sound,0.011,0.989,model is sure it is Animal Sound,us8k_156868-8-2-0.wav,UrbanSound8K:156868:siren,audio_dataset/processed/val/Alarm or Siren/AUD-000892.wav,1.289
AUD-005780,train,Background Noise,Aggression,0.011,0.915,model is sure it is Aggression,esc50_4-164243-A-26.wav,ESC-50:164243:laughing,audio_dataset/processed/train/Background Noise/AUD-005780.wav,1.289
AUD-002220,train,Animal Sound,Background Noise,0.011,0.989,model is sure it is Background Noise,esc50_5-197446-A-7.wav,ESC-50:197446:insects,audio_dataset/processed/train/Animal Sound/AUD-002220.wav,1.289
AUD-006550,val,Background Noise,Panic Scream,0.012,0.953,model is sure it is Panic Scream,notscream_suCjtFaA8Lw_out.wav,Kaggle Human Screaming Detection:NotScreaming,audio_dataset/processed/val/Background Noise/AUD-006550.wav,1.288
AUD-000610,train,Glass Breaking,Gunshot,0.012,0.988,model is sure it is Gunshot,extra_ptffoyrrerirr-glass-breaking-171617.mp3,extra:Glass Breaking (manual),audio_dataset/processed/train/Glass Breaking/AUD-000610.wav,1.288
AUD-006791,train,Background Noise,Animal Sound,0.012,0.981,model is sure it is Animal Sound,us8k_177756-2-0-19.wav,UrbanSound8K:177756:children_playing,audio_dataset/processed/train/Background Noise/AUD-006791.wav,1.288
AUD-006731,train,Background Noise,Gunshot,0.012,0.988,model is sure it is Gunshot,us8k_147764-4-2-0.wav,UrbanSound8K:147764:drilling,audio_dataset/processed/train/Background Noise/AUD-006731.wav,1.288
AUD-006220,train,Background Noise,Machinery Fault,0.012,0.988,model is sure it is Machinery Fault,mimiinorm_mimii_00000318.wav,MIMII:mimii:normal,audio_dataset/processed/train/Background Noise/AUD-006220.wav,1.288
AUD-006766,train,Background Noise,Alarm or Siren,0.012,0.985,model is sure it is Alarm or Siren,us8k_165640-4-0-0.wav,UrbanSound8K:165640:drilling,audio_dataset/processed/train/Background Noise/AUD-006766.wav,1.288
AUD-004177,train,Panic Scream,Animal Sound,0.012,0.988,model is sure it is Animal Sound,scream_3PGk_NqInRs_out.wav,Kaggle Human Screaming Detection:Screaming,audio_dataset/processed/train/Panic Scream/AUD-004177.wav,1.288
AUD-006443,train,Background Noise,Panic Scream,0.013,0.987,model is sure it is Panic Scream,notscream_IGJLvxwzu-k_out.wav,Kaggle Human Screaming Detection:NotScreaming,audio_dataset/processed/train/Background Noise/AUD-006443.wav,1.287
AUD-002638,val,Animal Sound,Background Noise,0.013,0.987,model is sure it is Background Noise,us8k_20015-3-0-14.wav,UrbanSound8K:20015:dog_bark,audio_dataset/processed/val/Animal Sound/AUD-002638.wav,1.287
AUD-004787,train,Panic Scream,Background Noise,0.013,0.986,model is sure it is Background Noise,scream_v9wvbr4y_y4_out.wav,Kaggle Human Screaming Detection:Screaming,audio_dataset/processed/train/Panic Scream/AUD-004787.wav,1.287
AUD-001435,val,Alarm or Siren,Vehicle Horn,0.013,0.953,model is sure it is Vehicle Horn,us8k_90846-8-0-0.wav,UrbanSound8K:90846:siren,audio_dataset/processed/val/Alarm or Siren/AUD-001435.wav,1.287
AUD-006157,test,Background Noise,Machinery Fault,0.013,0.987,model is sure it is Machinery Fault,mimiinorm_mimii_00000218.wav,MIMII:mimii:normal,audio_dataset/processed/test/Background Noise/AUD-006157.wav,1.287
AUD-006266,train,Background Noise,Panic Scream,0.013,0.893,model is sure it is Panic Scream,notscream_-Tea8DpWZQM_out.wav,Kaggle Human Screaming Detection:NotScreaming,audio_dataset/processed/train/Background Noise/AUD-006266.wav,1.287
AUD-006721,train,Background Noise,Alarm or Siren,0.013,0.731,model is sure it is Alarm or Siren,us8k_14387-9-0-11.wav,UrbanSound8K:14387:street_music,audio_dataset/processed/train/Background Noise/AUD-006721.wav,1.287
AUD-005854,train,Background Noise,Panic Scream,0.014,0.986,model is sure it is Panic Scream,esc50_4-59579-A-20.wav,ESC-50:59579:crying_baby,audio_dataset/processed/train/Background Noise/AUD-005854.wav,1.286
AUD-004751,test,Panic Scream,Background Noise,0.015,0.984,model is sure it is Background Noise,scream_TGLRVVyQ1WQ_out.wav,Kaggle Human Screaming Detection:Screaming,audio_dataset/processed/test/Panic Scream/AUD-004751.wav,1.285
AUD-005985,train,Background Noise,Animal Sound,0.015,0.984,model is sure it is Animal Sound,extra_freesound_community-glass-clinking-92385.mp3,extra:Background Noise (manual),audio_dataset/processed/train/Background Noise/AUD-005985.wav,1.285
AUD-001487,train,Vehicle Horn,Animal Sound,0.016,0.977,model is sure it is Animal Sound,esc50_1-17124-A-43.wav,ESC-50:17124:car_horn,audio_dataset/processed/train/Vehicle Horn/AUD-001487.wav,1.284
AUD-002407,train,Animal Sound,Background Noise,0.016,0.974,model is sure it is Background Noise,us8k_128891-3-0-5.wav,UrbanSound8K:128891:dog_bark,audio_dataset/processed/train/Animal Sound/AUD-002407.wav,1.284
AUD-005498,train,Background Noise,Animal Sound,0.016,0.984,model is sure it is Animal Sound,esc50_1-61534-A-27.wav,ESC-50:61534:brushing_teeth,audio_dataset/processed/train/Background Noise/AUD-005498.wav,1.284
AUD-005957,val,Background Noise,Animal Sound,0.016,0.983,model is sure it is Animal Sound,esc50_5-259640-A-29.wav,ESC-50:259640:drinking_sipping,audio_dataset/processed/val/Background Noise/AUD-005957.wav,1.284
AUD-001799,train,Vehicle Horn,Background Noise,0.016,0.984,model is sure it is Background Noise,us8k_72259-1-9-8.wav,UrbanSound8K:72259:car_horn,audio_dataset/processed/train/Vehicle Horn/AUD-001799.wav,1.284
AUD-004953,val,Aggression,Background Noise,0.018,0.953,model is sure it is Background Noise,vsd_angry_055_00400.wav,VSD:angry_055@40.0-42.0s,audio_dataset/processed/val/Aggression/AUD-004953.wav,1.282
AUD-006427,val,Background Noise,Panic Scream,0.018,0.97,model is sure it is Panic Scream,notscream_GLb9zvhNSXE_out.wav,Kaggle Human Screaming Detection:NotScreaming,audio_dataset/processed/val/Background Noise/AUD-006427.wav,1.282
AUD-001506,val,Vehicle Horn,Background Noise,0.018,0.943,model is sure it is Background Noise,esc50_3-155130-A-43.wav,ESC-50:155130:car_horn,audio_dataset/processed/val/Vehicle Horn/AUD-001506.wav,1.282
AUD-000686,train,Alarm or Siren,Background Noise,0.018,0.506,label gets a low probability,esc50_5-117122-A-42.wav,ESC-50:117122:siren,audio_dataset/processed/train/Alarm or Siren/AUD-000686.wav,1.282
AUD-006772,train,Background Noise,Animal Sound,0.018,0.975,model is sure it is Animal Sound,us8k_168037-4-7-0.wav,UrbanSound8K:168037:drilling,audio_dataset/processed/train/Background Noise/AUD-006772.wav,1.282
AUD-005595,train,Background Noise,Animal Sound,0.019,0.975,model is sure it is Animal Sound,esc50_2-66637-B-20.wav,ESC-50:66637:crying_baby,audio_dataset/processed/train/Background Noise/AUD-005595.wav,1.281
AUD-005963,test,Background Noise,Animal Sound,0.019,0.849,model is sure it is Animal Sound,esc50_5-263775-B-26.wav,ESC-50:263775:laughing,audio_dataset/processed/test/Background Noise/AUD-005963.wav,1.281
AUD-001850,train,Vehicle Horn,Background Noise,0.019,0.974,model is sure it is Background Noise,us8k_7389-1-4-2.wav,UrbanSound8K:7389:car_horn,audio_dataset/processed/train/Vehicle Horn/AUD-001850.wav,1.281
AUD-004301,train,Panic Scream,Background Noise,0.02,0.979,model is sure it is Background Noise,scream__1JL0dL_h68_out.wav,Kaggle Human Screaming Detection:Screaming,audio_dataset/processed/train/Panic Scream/AUD-004301.wav,1.28
AUD-005971,test,Background Noise,Animal Sound,0.02,0.977,model is sure it is Animal Sound,extra_floraphonic-metal-hit-58-193319.mp3,extra:Background Noise (manual),audio_dataset/processed/test/Background Noise/AUD-005971.wav,1.28
AUD-001576,train,Vehicle Horn,Animal Sound,0.02,0.641,label gets a low probability,us8k_17074-1-0-0.wav,UrbanSound8K:17074:car_horn,audio_dataset/processed/train/Vehicle Horn/AUD-001576.wav,1.28
AUD-004856,train,Panic Scream,Background Noise,0.02,0.889,model is sure it is Background Noise,scream_XyDwFEw4Liw_out.wav,Kaggle Human Screaming Detection:Screaming,audio_dataset/processed/train/Panic Scream/AUD-004856.wav,1.28
AUD-002036,train,Animal Sound,Background Noise,0.02,0.98,model is sure it is Background Noise,esc50_3-105235-A-7.wav,ESC-50:105235:insects,audio_dataset/processed/train/Animal Sound/AUD-002036.wav,1.28
AUD-005701,train,Background Noise,Animal Sound,0.021,0.979,model is sure it is Animal Sound,esc50_3-154378-A-30.wav,ESC-50:154378:door_wood_knock,audio_dataset/processed/train/Background Noise/AUD-005701.wav,1.279
AUD-006759,train,Background Noise,Alarm or Siren,0.021,0.923,model is sure it is Alarm or Siren,us8k_162318-2-0-17.wav,UrbanSound8K:162318:children_playing,audio_dataset/processed/train/Background Noise/AUD-006759.wav,1.279
AUD-001859,train,Vehicle Horn,Background Noise,0.022,0.976,model is sure it is Background Noise,us8k_82317-1-0-0.wav,UrbanSound8K:82317:car_horn,audio_dataset/processed/train/Vehicle Horn/AUD-001859.wav,1.278
AUD-006551,val,Background Noise,Panic Scream,0.022,0.975,model is sure it is Panic Scream,notscream_T5CiDF-wAmg_out.wav,Kaggle Human Screaming Detection:NotScreaming,audio_dataset/processed/val/Background Noise/AUD-006551.wav,1.278
AUD-001912,train,Animal Sound,Aggression,0.022,0.746,model is sure it is Aggression,esc50_1-34119-B-1.wav,ESC-50:34119:rooster,audio_dataset/processed/train/Animal Sound/AUD-001912.wav,1.278
AUD-002030,val,Animal Sound,Background Noise,0.023,0.977,model is sure it is Background Noise,esc50_2-99955-A-7.wav,ESC-50:99955:insects,audio_dataset/processed/val/Animal Sound/AUD-002030.wav,1.277
AUD-002716,test,Animal Sound,Background Noise,0.024,0.976,model is sure it is Background Noise,us8k_29937-3-0-8.wav,UrbanSound8K:29937:dog_bark,audio_dataset/processed/test/Animal Sound/AUD-002716.wav,1.276
AUD-000650,train,Alarm or Siren,Animal Sound,0.024,0.908,model is sure it is Animal Sound,esc50_2-89516-A-37.wav,ESC-50:89516:clock_alarm,audio_dataset/processed/train/Alarm or Siren/AUD-000650.wav,1.276
AUD-002516,test,Animal Sound,Background Noise,0.024,0.976,model is sure it is Background Noise,us8k_174873-3-5-12.wav,UrbanSound8K:174873,audio_dataset/processed/test/Animal Sound/AUD-002516.wav,1.276
AUD-005822,val,Background Noise,Glass Breaking,0.024,0.975,model is sure it is Glass Breaking,esc50_4-187384-A-34.wav,ESC-50:187384:can_opening,audio_dataset/processed/val/Background Noise/AUD-005822.wav,1.276
AUD-005190,train,Aggression,Panic Scream,0.025,0.545,label gets a low probability,vsd_angry_204_02208.wav,VSD:angry_204@220.8-223.8s,audio_dataset/processed/train/Aggression/AUD-005190.wav,1.275
AUD-002761,train,Animal Sound,Gunshot,0.027,0.618,label gets a low probability,us8k_37869-3-0-0.wav,UrbanSound8K:37869:dog_bark,audio_dataset/processed/train/Animal Sound/AUD-002761.wav,1.273
AUD-006342,train,Background Noise,Panic Scream,0.027,0.973,model is sure it is Panic Scream,notscream__ezunRBSAQA_out.wav,Kaggle Human Screaming Detection:NotScreaming,audio_dataset/processed/train/Background Noise/AUD-006342.wav,1.273
AUD-006005,train,Background Noise,Animal Sound,0.028,0.971,model is sure it is Animal Sound,extra_soundreality-cinematic-metal-hit-520222.mp3,extra:Background Noise (manual),audio_dataset/processed/train/Background Noise/AUD-006005.wav,1.272
AUD-006755,train,Background Noise,Alarm or Siren,0.028,0.958,model is sure it is Alarm or Siren,us8k_161005-2-0-14.wav,UrbanSound8K:161005:children_playing,audio_dataset/processed/train/Background Noise/AUD-006755.wav,1.272
AUD-000112,train,Machinery Fault,Background Noise,0.028,0.972,model is sure it is Background Noise,mimii_mimii_00000111.wav,MIMII:mimii:abnormal,audio_dataset/processed/train/Machinery Fault/AUD-000112.wav,1.272
AUD-006804,train,Background Noise,Animal Sound,0.029,0.971,model is sure it is Animal Sound,us8k_180125-4-2-17.wav,UrbanSound8K:180125:drilling,audio_dataset/processed/train/Background Noise/AUD-006804.wav,1.271
AUD-002268,train,Animal Sound,Panic Scream,0.029,0.969,model is sure it is Panic Scream,esc50_5-253085-B-3.wav,ESC-50:253085:cow,audio_dataset/processed/train/Animal Sound/AUD-002268.wav,1.271
AUD-003645,train,Gunshot,Glass Breaking,0.029,0.964,model is sure it is Glass Breaking,gun_MP5_8__78_.wav,Kaggle gunshot dataset:MP5,audio_dataset/processed/train/Gunshot/AUD-003645.wav,1.271
AUD-002218,val,Animal Sound,Background Noise,0.029,0.971,model is sure it is Background Noise,esc50_5-195517-A-7.wav,ESC-50:195517:insects,audio_dataset/processed/val/Animal Sound/AUD-002218.wav,1.271
AUD-005593,train,Background Noise,Animal Sound,0.03,0.83,model is sure it is Animal Sound,esc50_2-62226-A-26.wav,ESC-50:62226:laughing,audio_dataset/processed/train/Background Noise/AUD-005593.wav,1.27
AUD-001527,train,Vehicle Horn,Animal Sound,0.03,0.949,model is sure it is Animal Sound,us8k_100648-1-0-0.wav,UrbanSound8K:100648:car_horn,audio_dataset/processed/train/Vehicle Horn/AUD-001527.wav,1.27
AUD-000741,train,Alarm or Siren,Animal Sound,0.03,0.942,model is sure it is Animal Sound,us8k_107357-8-0-0.wav,UrbanSound8K:107357:siren,audio_dataset/processed/train/Alarm or Siren/AUD-000741.wav,1.27
AUD-001948,train,Animal Sound,Alarm or Siren,0.03,0.439,label gets a low probability,esc50_1-77241-A-3.wav,ESC-50:77241:cow,audio_dataset/processed/train/Animal Sound/AUD-001948.wav,1.27
AUD-006280,train,Background Noise,Panic Scream,0.03,0.97,model is sure it is Panic Scream,notscream_1mB_cboJR8s_out.wav,Kaggle Human Screaming Detection:NotScreaming,audio_dataset/processed/train/Background Noise/AUD-006280.wav,1.27
AUD-005814,val,Background Noise,Gunshot,0.032,0.968,model is sure it is Gunshot,esc50_4-185415-A-21.wav,ESC-50:185415:sneezing,audio_dataset/processed/val/Background Noise/AUD-005814.wav,1.268
AUD-004722,train,Panic Scream,Aggression,0.034,0.518,label gets a low probability,scream_Rvtcyj2yclE_out.wav,Kaggle Human Screaming Detection:Screaming,audio_dataset/processed/train/Panic Scream/AUD-004722.wav,1.266
AUD-002627,val,Animal Sound,Alarm or Siren,0.035,0.805,model is sure it is Alarm or Siren,us8k_197075-3-1-1.wav,UrbanSound8K:197075:dog_bark,audio_dataset/processed/val/Animal Sound/AUD-002627.wav,1.265
AUD-000214,val,Machinery Fault,Background Noise,0.036,0.964,model is sure it is Background Noise,mimii_pump_id_00_00000109.wav,MIMII:pump_id_00:abnormal,audio_dataset/processed/val/Machinery Fault/AUD-000214.wav,1.264
AUD-005180,train,Aggression,Background Noise,0.036,0.832,model is sure it is Background Noise,vsd_angry_204_00716.wav,VSD:angry_204@71.6-77.6s,audio_dataset/processed/train/Aggression/AUD-005180.wav,1.264
AUD-004284,train,Panic Scream,Background Noise,0.037,0.963,model is sure it is Background Noise,scream_9bM_mkoP3lw_out.wav,Kaggle Human Screaming Detection:Screaming,audio_dataset/processed/train/Panic Scream/AUD-004284.wav,1.263
AUD-001826,train,Vehicle Horn,Background Noise,0.037,0.963,model is sure it is Background Noise,us8k_7389-1-0-3.wav,UrbanSound8K:7389:car_horn,audio_dataset/processed/train/Vehicle Horn/AUD-001826.wav,1.263
AUD-005606,train,Background Noise,Animal Sound,0.038,0.951,model is sure it is Animal Sound,esc50_2-79769-A-26.wav,ESC-50:79769:laughing,audio_dataset/processed/train/Background Noise/AUD-005606.wav,1.262
