AUD-005487,C:\Users\CZ\Desktop\SonicSentinel AI\audio_dataset\raw\Background Noise\esc50_1-54505-A-21.wav,C:\Users\CZ\Desktop\SonicSentinel AI\_to_delete\label_audit\Background Noise\esc50_1-54505-A-21.wav,delete
AUD-005544,C:\Users\CZ\Desktop\SonicSentinel AI\audio_dataset\raw\Background Noise\esc50_2-117616-A-48.wav,C:\Users\CZ\Desktop\SonicSentinel AI\audio_dataset\raw\Gunshot\esc50_2-117616-A-48.wav,move:Gunshot
AUD-005607,C:\Users\CZ\Desktop\SonicSentinel AI\audio_dataset\raw\Background Noise\esc50_2-79775-A-26.wav,C:\Users\CZ\Desktop\SonicSentinel AI\_to_delete\label_audit\Background Noise\esc50_2-79775-A-26.wav,delete
AUD-005611,C:\Users\CZ\Desktop\SonicSentinel AI\audio_dataset\raw\Background Noise\esc50_2-81190-A-34.wav,C:\Users\CZ\Desktop\SonicSentinel AI\_to_delete\label_audit\Background Noise\esc50_2-81190-A-34.wav,delete
AUD-000693,C:\Users\CZ\Desktop\SonicSentinel AI\audio_dataset\raw\Alarm or Siren\esc50_5-211408-A-37.wav,C:\Users\CZ\Desktop\SonicSentinel AI\audio_dataset\raw\Alarm or Siren\esc50_5-211408-A-37_dup.wav,move:Alarm or Siren
AUD-000605,C:\Users\CZ\Desktop\SonicSentinel AI\audio_dataset\raw\Glass Breaking\extra_freesound_community-glass-breaking-94894.mp3,C:\Users\CZ\Desktop\SonicSentinel AI\audio_dataset\raw\Glass Breaking\extra_freesound_community-glass-breaking-94894_dup.mp3,move:Glass Breaking
AUD-005639,C:\Users\CZ\Desktop\SonicSentinel AI\audio_dataset\raw\Background Noise\esc50_3-110536-A-26.wav,C:\Users\CZ\Desktop\SonicSentinel AI\audio_dataset\raw\Background Noise\esc50_3-110536-A-26_dup.wav,move:Background Noise
AUD-005678,C:\Users\CZ\Desktop\SonicSentinel AI\audio_dataset\raw\Background Noise\esc50_3-147342-A-34.wav,C:\Users\CZ\Desktop\SonicSentinel AI\_to_delete\label_audit\Background Noise\esc50_3-147342-A-34.wav,delete
AUD-005073,C:\Users\CZ\Desktop\SonicSentinel AI\audio_dataset\raw\Aggression\vsd_angry_113_00171.wav,C:\Users\CZ\Desktop\SonicSentinel AI\audio_dataset\raw\Aggression\vsd_angry_113_00171_dup.wav,move:Aggression
AUD-005081,C:\Users\CZ\Desktop\SonicSentinel AI\audio_dataset\raw\Aggression\vsd_angry_121_00613.wav,C:\Users\CZ\Desktop\SonicSentinel AI\audio_dataset\raw\Aggression\vsd_angry_121_00613_dup.wav,move:Aggression
AUD-005153,C:\Users\CZ\Desktop\SonicSentinel AI\audio_dataset\raw\Aggression\vsd_angry_182_00392.wav,C:\Users\CZ\Desktop\SonicSentinel AI\audio_dataset\raw\Aggression\vsd_angry_182_00392_dup.wav,move:Aggression
AUD-005154,C:\Users\CZ\Desktop\SonicSentinel AI\audio_dataset\raw\Aggression\vsd_angry_182_00424.wav,C:\Users\CZ\Desktop\SonicSentinel AI\audio_dataset\raw\Aggression\vsd_angry_182_00424_dup.wav,move:Aggression
AUD-005177,C:\Users\CZ\Desktop\SonicSentinel AI\audio_dataset\raw\Aggression\vsd_angry_204_00000.wav,C:\Users\CZ\Desktop\SonicSentinel AI\_to_delete\label_audit\Aggression\vsd_angry_204_00000.wav,delete
AUD-005182,C:\Users\CZ\Desktop\SonicSentinel AI\audio_dataset\raw\Aggression\vsd_angry_204_01318.wav,C:\Users\CZ\Desktop\SonicSentinel AI\_to_delete\label_audit\Aggression\vsd_angry_204_01318.wav,delete
AUD-005011,C:\Users\CZ\Desktop\SonicSentinel AI\audio_dataset\raw\Aggression\vsd_angry_084_00708.wav,C:\Users\CZ\Desktop\SonicSentinel AI\_to_delete\label_audit\Aggression\vsd_angry_084_00708.wav,delete
AUD-005013,C:\Users\CZ\Desktop\SonicSentinel AI\audio_dataset\raw\Aggression\vsd_angry_085_00212.wav,C:\Users\CZ\Desktop\SonicSentinel AI\audio_dataset\raw\Aggression\vsd_angry_085_00212_dup.wav,move:Aggression
AUD-005022,C:\Users\CZ\Desktop\SonicSentinel AI\audio_dataset\raw\Aggression\vsd_angry_092_00717.wav,C:\Users\CZ\Desktop\SonicSentinel AI\audio_dataset\raw\Aggression\vsd_angry_092_00717_dup.wav,move:Aggression
AUD-005024,C:\Users\CZ\Desktop\SonicSentinel AI\audio_dataset\raw\Aggression\vsd_angry_093_00134.wav,C:\Users\CZ\Desktop\SonicSentinel AI\_to_delete\label_audit\Aggression\vsd_angry_093_00134.wav,delete
AUD-001374,C:\Users\CZ\Desktop\SonicSentinel AI\audio_dataset\raw\Alarm or Siren\us8k_74364-8-1-0.wav,C:\Users\CZ\Desktop\SonicSentinel AI\_to_delete\label_audit\Alarm or Siren\us8k_74364-8-1-0.wav,delete
AUD-001427,C:\Users\CZ\Desktop\SonicSentinel AI\audio_dataset\raw\Alarm or Siren\us8k_88121-8-1-0.wav,C:\Users\CZ\Desktop\SonicSentinel AI\_to_delete\label_audit\Alarm or Siren\us8k_88121-8-1-0.wav,delete
AUD-001428,C:\Users\CZ\Desktop\SonicSentinel AI\audio_dataset\raw\Alarm or Siren\us8k_88121-8-2-0.wav,C:\Users\CZ\Desktop\SonicSentinel AI\_to_delete\label_audit\Alarm or Siren\us8k_88121-8-2-0.wav,delete
AUD-000659,C:\Users\CZ\Desktop\SonicSentinel AI\audio_dataset\raw\Alarm or Siren\esc50_3-148297-A-37.wav,C:\Users\CZ\Desktop\SonicSentinel AI\audio_dataset\raw\Alarm or Siren\esc50_3-148297-A-37_dup.wav,move:Alarm or Siren
AUD-000677,C:\Users\CZ\Desktop\SonicSentinel AI\audio_dataset\raw\Alarm or Siren\esc50_4-204684-A-37.wav,C:\Users\CZ\Desktop\SonicSentinel AI\audio_dataset\raw\Alarm or Siren\esc50_4-204684-A-37_dup.wav,move:Alarm or Siren
AUD-004910,C:\Users\CZ\Desktop\SonicSentinel AI\audio_dataset\raw\Aggression\vsd_angry_018_00455.wav,C:\Users\CZ\Desktop\SonicSentinel AI\audio_dataset\raw\Aggression\vsd_angry_018_00455_dup.wav,move:Aggression
AUD-004912,C:\Users\CZ\Desktop\SonicSentinel AI\audio_dataset\raw\Aggression\vsd_angry_021_00190.wav,C:\Users\CZ\Desktop\SonicSentinel AI\audio_dataset\raw\Aggression\vsd_angry_021_00190_dup.wav,move:Aggression
AUD-004919,C:\Users\CZ\Desktop\SonicSentinel AI\audio_dataset\raw\Aggression\vsd_angry_026_00490.wav,C:\Users\CZ\Desktop\SonicSentinel AI\audio_dataset\raw\Aggression\vsd_angry_026_00490_dup.wav,move:Aggression
AUD-004934,C:\Users\CZ\Desktop\SonicSentinel AI\audio_dataset\raw\Aggression\vsd_angry_039_00470.wav,C:\Users\CZ\Desktop\SonicSentinel AI\audio_dataset\raw\Aggression\vsd_angry_039_00470_dup.wav,move:Aggression
AUD-004582,C:\Users\CZ\Desktop\SonicSentinel AI\audio_dataset\raw\Panic Scream\scream_LFfJ0bc8V1M_out.wav,C:\Users\CZ\Desktop\SonicSentinel AI\_to_delete\label_audit\Panic Scream\scream_LFfJ0bc8V1M_out.wav,delete
AUD-004618,C:\Users\CZ\Desktop\SonicSentinel AI\audio_dataset\raw\Panic Scream\scream_N2ttrM3FlcQ_out.wav,C:\Users\CZ\Desktop\SonicSentinel AI\_to_delete\label_audit\Panic Scream\scream_N2ttrM3FlcQ_out.wav,delete
AUD-004649,C:\Users\CZ\Desktop\SonicSentinel AI\audio_dataset\raw\Panic Scream\scream_oThV7hjNJaQ_out.wav,C:\Users\CZ\Desktop\SonicSentinel AI\_to_delete\label_audit\Panic Scream\scream_oThV7hjNJaQ_out.wav,delete
AUD-004358,C:\Users\CZ\Desktop\SonicSentinel AI\audio_dataset\raw\Panic Scream\scream_BfVcHcorGS8_out.wav,C:\Users\CZ\Desktop\SonicSentinel AI\_to_delete\label_audit\Panic Scream\scream_BfVcHcorGS8_out.wav,delete
AUD-004373,C:\Users\CZ\Desktop\SonicSentinel AI\audio_dataset\raw\Panic Scream\scream_C07OgADP2y0_out.wav,C:\Users\CZ\Desktop\SonicSentinel AI\_to_delete\label_audit\Panic Scream\scream_C07OgADP2y0_out.wav,delete
AUD-004426,C:\Users\CZ\Desktop\SonicSentinel AI\audio_dataset\raw\Panic Scream\scream_E-V7blxcItc_out.wav,C:\Users\CZ\Desktop\SonicSentinel AI\_to_delete\label_audit\Panic Scream\scream_E-V7blxcItc_out.wav,delete
AUD-004451,C:\Users\CZ\Desktop\SonicSentinel AI\audio_dataset\raw\Panic Scream\scream_FegpbrOw14k_out.wav,C:\Users\CZ\Desktop\SonicSentinel AI\_to_delete\label_audit\Panic Scream\scream_FegpbrOw14k_out.wav,delete
AUD-004462,C:\Users\CZ\Desktop\SonicSentinel AI\audio_dataset\raw\Panic Scream\scream_FrMqnic0t7E_out.wav,C:\Users\CZ\Desktop\SonicSentinel AI\_to_delete\label_audit\Panic Scream\scream_FrMqnic0t7E_out.wav,delete
AUD-004466,C:\Users\CZ\Desktop\SonicSentinel AI\audio_dataset\raw\Panic Scream\scream_FwjZ2_87y1k_out.wav,C:\Users\CZ\Desktop\SonicSentinel AI\_to_delete\label_audit\Panic Scream\scream_FwjZ2_87y1k_out.wav,delete
AUD-004538,C:\Users\CZ\Desktop\SonicSentinel AI\audio_dataset\raw\Panic Scream\scream_jc8SPqDauFA_out.wav,C:\Users\CZ\Desktop\SonicSentinel AI\audio_dataset\raw\Panic Scream\scream_jc8SPqDauFA_out_dup.wav,move:Panic Scream
AUD-005904,C:\Users\CZ\Desktop\SonicSentinel AI\audio_dataset\raw\Background Noise\esc50_5-210540-A-13.wav,C:\Users\CZ\Desktop\SonicSentinel AI\audio_dataset\raw\Animal Sound\esc50_5-210540-A-13.wav,move:Animal Sound
AUD-005913,C:\Users\CZ\Desktop\SonicSentinel AI\audio_dataset\raw\Background Noise\esc50_5-219342-A-38.wav,C:\Users\CZ\Desktop\SonicSentinel AI\audio_dataset\raw\Background Noise\esc50_5-219342-A-38_dup.wav,move:Background Noise
AUD-001504,C:\Users\CZ\Desktop\SonicSentinel AI\audio_dataset\raw\Vehicle Horn\esc50_3-146697-A-43.wav,C:\Users\CZ\Desktop\SonicSentinel AI\audio_dataset\raw\Background Noise\esc50_3-146697-A-43.wav,move:Background Noise
AUD-004258,C:\Users\CZ\Desktop\SonicSentinel AI\audio_dataset\raw\Panic Scream\scream_88SopTWiKLg_out.wav,C:\Users\CZ\Desktop\SonicSentinel AI\audio_dataset\raw\Panic Scream\scream_88SopTWiKLg_out_dup.wav,move:Panic Scream
AUD-004265,C:\Users\CZ\Desktop\SonicSentinel AI\audio_dataset\raw\Panic Scream\scream_8KLDKzOulAw_out.wav,C:\Users\CZ\Desktop\SonicSentinel AI\_to_delete\label_audit\Panic Scream\scream_8KLDKzOulAw_out.wav,delete
AUD-004094,C:\Users\CZ\Desktop\SonicSentinel AI\audio_dataset\raw\Gunshot\us8k_78776-6-0-0.wav,C:\Users\CZ\Desktop\SonicSentinel AI\audio_dataset\raw\Gunshot\us8k_78776-6-0-0_dup.wav,move:Gunshot
AUD-004131,C:\Users\CZ\Desktop\SonicSentinel AI\audio_dataset\raw\Panic Scream\scream_1HUt1HOLaeY_out.wav,C:\Users\CZ\Desktop\SonicSentinel AI\audio_dataset\raw\Background Noise\scream_1HUt1HOLaeY_out.wav,move:Background Noise
AUD-005994,C:\Users\CZ\Desktop\SonicSentinel AI\audio_dataset\raw\Background Noise\extra_freesound_community-glass-wipe-75164.mp3,C:\Users\CZ\Desktop\SonicSentinel AI\_to_delete\label_audit\Background Noise\extra_freesound_community-glass-wipe-75164.mp3,delete
AUD-006281,C:\Users\CZ\Desktop\SonicSentinel AI\audio_dataset\raw\Background Noise\notscream_1mOxqUT_AKc_out.wav,C:\Users\CZ\Desktop\SonicSentinel AI\_to_delete\label_audit\Background Noise\notscream_1mOxqUT_AKc_out.wav,delete
AUD-002759,C:\Users\CZ\Desktop\SonicSentinel AI\audio_dataset\raw\Animal Sound\us8k_35629-3-3-0.wav,C:\Users\CZ\Desktop\SonicSentinel AI\audio_dataset\raw\Animal Sound\us8k_35629-3-3-0_dup.wav,move:Animal Sound
AUD-006290,C:\Users\CZ\Desktop\SonicSentinel AI\audio_dataset\raw\Background Noise\notscream_2DtIskP6SN0_out.wav,C:\Users\CZ\Desktop\SonicSentinel AI\_to_delete\label_audit\Background Noise\notscream_2DtIskP6SN0_out.wav,delete
AUD-006294,C:\Users\CZ\Desktop\SonicSentinel AI\audio_dataset\raw\Background Noise\notscream_2XFwH-VGWjU_out.wav,C:\Users\CZ\Desktop\SonicSentinel AI\_to_delete\label_audit\Background Noise\notscream_2XFwH-VGWjU_out.wav,delete
AUD-006298,C:\Users\CZ\Desktop\SonicSentinel AI\audio_dataset\raw\Background Noise\notscream_3dw4ETcqtQk_out.wav,C:\Users\CZ\Desktop\SonicSentinel AI\audio_dataset\raw\Panic Scream\notscream_3dw4ETcqtQk_out.wav,move:Panic Scream
AUD-006305,C:\Users\CZ\Desktop\SonicSentinel AI\audio_dataset\raw\Background Noise\notscream_5bKeBLyRTz0_out.wav,C:\Users\CZ\Desktop\SonicSentinel AI\_to_delete\label_audit\Background Noise\notscream_5bKeBLyRTz0_out.wav,delete
AUD-006308,C:\Users\CZ\Desktop\SonicSentinel AI\audio_dataset\raw\Background Noise\notscream_5gB0wpfKeOk_out.wav,C:\Users\CZ\Desktop\SonicSentinel AI\audio_dataset\raw\Panic Scream\notscream_5gB0wpfKeOk_out.wav,move:Panic Scream
AUD-006369,C:\Users\CZ\Desktop\SonicSentinel AI\audio_dataset\raw\Background Noise\notscream_CcXfe1xEuhA_out.wav,C:\Users\CZ\Desktop\SonicSentinel AI\audio_dataset\raw\Panic Scream\notscream_CcXfe1xEuhA_out.wav,move:Panic Scream
AUD-006372,C:\Users\CZ\Desktop\SonicSentinel AI\audio_dataset\raw\Background Noise\notscream_cKBekkF-cdo_out.wav,C:\Users\CZ\Desktop\SonicSentinel AI\audio_dataset\raw\Panic Scream\notscream_cKBekkF-cdo_out.wav,move:Panic Scream
AUD-006635,C:\Users\CZ\Desktop\SonicSentinel AI\audio_dataset\raw\Background Noise\rec_S00_20260924_015645_020.wav,C:\Users\CZ\Desktop\SonicSentinel AI\_to_delete\label_audit\Background Noise\rec_S00_20260924_015645_020.wav,delete
AUD-006704,C:\Users\CZ\Desktop\SonicSentinel AI\audio_dataset\raw\Background Noise\us8k_123399-2-0-19.wav,C:\Users\CZ\Desktop\SonicSentinel AI\audio_dataset\raw\Background Noise\us8k_123399-2-0-19_dup.wav,move:Background Noise
AUD-001716,C:\Users\CZ\Desktop\SonicSentinel AI\audio_dataset\raw\Vehicle Horn\us8k_71309-1-0-0.wav,C:\Users\CZ\Desktop\SonicSentinel AI\audio_dataset\raw\Vehicle Horn\us8k_71309-1-0-0_dup.wav,move:Vehicle Horn
AUD-001823,C:\Users\CZ\Desktop\SonicSentinel AI\audio_dataset\raw\Vehicle Horn\us8k_7389-1-0-0.wav,C:\Users\CZ\Desktop\SonicSentinel AI\audio_dataset\raw\Vehicle Horn\us8k_7389-1-0-0_dup.wav,move:Vehicle Horn
AUD-001472,C:\Users\CZ\Desktop\SonicSentinel AI\audio_dataset\raw\Alarm or Siren\us8k_94636-8-0-19.wav,C:\Users\CZ\Desktop\SonicSentinel AI\_to_delete\label_audit\Alarm or Siren\us8k_94636-8-0-19.wav,delete
AUD-002521,C:\Users\CZ\Desktop\SonicSentinel AI\audio_dataset\raw\Animal Sound\us8k_175915-3-0-1.wav,C:\Users\CZ\Desktop\SonicSentinel AI\_to_delete\label_audit\Animal Sound\us8k_175915-3-0-1.wav,delete
AUD-002590,C:\Users\CZ\Desktop\SonicSentinel AI\audio_dataset\raw\Animal Sound\us8k_190996-3-0-8.wav,C:\Users\CZ\Desktop\SonicSentinel AI\_to_delete\label_audit\Animal Sound\us8k_190996-3-0-8.wav,delete
AUD-002630,C:\Users\CZ\Desktop\SonicSentinel AI\audio_dataset\raw\Animal Sound\us8k_197075-3-7-5.wav,C:\Users\CZ\Desktop\SonicSentinel AI\_to_delete\label_audit\Animal Sound\us8k_197075-3-7-5.wav,delete
AUD-002652,C:\Users\CZ\Desktop\SonicSentinel AI\audio_dataset\raw\Animal Sound\us8k_203356-3-0-1.wav,C:\Users\CZ\Desktop\SonicSentinel AI\audio_dataset\raw\Animal Sound\us8k_203356-3-0-1_dup.wav,move:Animal Sound
AUD-002249,C:\Users\CZ\Desktop\SonicSentinel AI\audio_dataset\raw\Animal Sound\esc50_5-233787-A-7.wav,C:\Users\CZ\Desktop\SonicSentinel AI\audio_dataset\raw\Animal Sound\esc50_5-233787-A-7_dup.wav,move:Animal Sound
AUD-001842,C:\Users\CZ\Desktop\SonicSentinel AI\audio_dataset\raw\Vehicle Horn\us8k_7389-1-4-0.wav,C:\Users\CZ\Desktop\SonicSentinel AI\_to_delete\label_audit\Vehicle Horn\us8k_7389-1-4-0.wav,delete
AUD-001922,C:\Users\CZ\Desktop\SonicSentinel AI\audio_dataset\raw\Animal Sound\esc50_1-44831-A-1.wav,C:\Users\CZ\Desktop\SonicSentinel AI\_to_delete\label_audit\Animal Sound\esc50_1-44831-A-1.wav,delete
AUD-006574,C:\Users\CZ\Desktop\SonicSentinel AI\audio_dataset\raw\Background Noise\notscream_vsDriIwNAmU_out.wav,C:\Users\CZ\Desktop\SonicSentinel AI\_to_delete\label_audit\Background Noise\notscream_vsDriIwNAmU_out.wav,delete
AUD-006585,C:\Users\CZ\Desktop\SonicSentinel AI\audio_dataset\raw\Background Noise\notscream_WyWE44m1TtA_out.wav,C:\Users\CZ\Desktop\SonicSentinel AI\audio_dataset\raw\Animal Sound\notscream_WyWE44m1TtA_out.wav,move:Animal Sound
AUD-006606,C:\Users\CZ\Desktop\SonicSentinel AI\audio_dataset\raw\Background Noise\notscream_yZ4Z2WZ5efw_out.wav,C:\Users\CZ\Desktop\SonicSentinel AI\_to_delete\label_audit\Background Noise\notscream_yZ4Z2WZ5efw_out.wav,delete
AUD-006609,C:\Users\CZ\Desktop\SonicSentinel AI\audio_dataset\raw\Background Noise\notscream_zC3MxGNQ4fY_out.wav,C:\Users\CZ\Desktop\SonicSentinel AI\audio_dataset\raw\Panic Scream\notscream_zC3MxGNQ4fY_out.wav,move:Panic Scream
AUD-002429,C:\Users\CZ\Desktop\SonicSentinel AI\audio_dataset\raw\Animal Sound\us8k_155299-3-0-1.wav,C:\Users\CZ\Desktop\SonicSentinel AI\_to_delete\label_audit\Animal Sound\us8k_155299-3-0-1.wav,delete
AUD-002479,C:\Users\CZ\Desktop\SonicSentinel AI\audio_dataset\raw\Animal Sound\us8k_161923-3-0-5.wav,C:\Users\CZ\Desktop\SonicSentinel AI\_to_delete\label_audit\Animal Sound\us8k_161923-3-0-5.wav,delete
AUD-006379,C:\Users\CZ\Desktop\SonicSentinel AI\audio_dataset\raw\Background Noise\notscream_CVcySsjK8Es_out.wav,C:\Users\CZ\Desktop\SonicSentinel AI\_to_delete\label_audit\Background Noise\notscream_CVcySsjK8Es_out.wav,delete
AUD-006382,C:\Users\CZ\Desktop\SonicSentinel AI\audio_dataset\raw\Background Noise\notscream_D5ebkJwpPrg_out.wav,C:\Users\CZ\Desktop\SonicSentinel AI\_to_delete\label_audit\Background Noise\notscream_D5ebkJwpPrg_out.wav,delete
AUD-006384,C:\Users\CZ\Desktop\SonicSentinel AI\audio_dataset\raw\Background Noise\notscream_DemqL00CVVQ_out.wav,C:\Users\CZ\Desktop\SonicSentinel AI\_to_delete\label_audit\Background Noise\notscream_DemqL00CVVQ_out.wav,delete
AUD-006397,C:\Users\CZ\Desktop\SonicSentinel AI\audio_dataset\raw\Background Noise\notscream_e5KzMxbeA2Q_out.wav,C:\Users\CZ\Desktop\SonicSentinel AI\_to_delete\label_audit\Background Noise\notscream_e5KzMxbeA2Q_out.wav,delete
AUD-002201,C:\Users\CZ\Desktop\SonicSentinel AI\audio_dataset\raw\Animal Sound\esc50_5-127990-A-2.wav,C:\Users\CZ\Desktop\SonicSentinel AI\audio_dataset\raw\Animal Sound\esc50_5-127990-A-2_dup.wav,move:Animal Sound
AUD-002207,C:\Users\CZ\Desktop\SonicSentinel AI\audio_dataset\raw\Animal Sound\esc50_5-172639-A-5.wav,C:\Users\CZ\Desktop\SonicSentinel AI\audio_dataset\raw\Animal Sound\esc50_5-172639-A-5_dup.wav,move:Animal Sound
AUD-006458,C:\Users\CZ\Desktop\SonicSentinel AI\audio_dataset\raw\Background Noise\notscream_JFbS_nVA-KI_out.wav,C:\Users\CZ\Desktop\SonicSentinel AI\_to_delete\label_audit\Background Noise\notscream_JFbS_nVA-KI_out.wav,delete
AUD-006490,C:\Users\CZ\Desktop\SonicSentinel AI\audio_dataset\raw\Background Noise\notscream_mHPeZzWcOeQ_out.wav,C:\Users\CZ\Desktop\SonicSentinel AI\audio_dataset\raw\Background Noise\notscream_mHPeZzWcOeQ_out_dup.wav,move:Background Noise
AUD-002122,C:\Users\CZ\Desktop\SonicSentinel AI\audio_dataset\raw\Animal Sound\esc50_4-143118-A-7.wav,C:\Users\CZ\Desktop\SonicSentinel AI\audio_dataset\raw\Animal Sound\esc50_4-143118-A-7_dup.wav,move:Animal Sound
AUD-001945,C:\Users\CZ\Desktop\SonicSentinel AI\audio_dataset\raw\Animal Sound\esc50_1-73585-A-7.wav,C:\Users\CZ\Desktop\SonicSentinel AI\audio_dataset\raw\Background Noise\esc50_1-73585-A-7.wav,move:Background Noise
AUD-001994,C:\Users\CZ\Desktop\SonicSentinel AI\audio_dataset\raw\Animal Sound\esc50_2-160128-A-7.wav,C:\Users\CZ\Desktop\SonicSentinel AI\audio_dataset\raw\Animal Sound\esc50_2-160128-A-7_dup.wav,move:Animal Sound
AUD-006500,C:\Users\CZ\Desktop\SonicSentinel AI\audio_dataset\raw\Background Noise\notscream_nhoLUwa7wZY_out.wav,C:\Users\CZ\Desktop\SonicSentinel AI\_to_delete\label_audit\Background Noise\notscream_nhoLUwa7wZY_out.wav,delete
AUD-006521,C:\Users\CZ\Desktop\SonicSentinel AI\audio_dataset\raw\Background Noise\notscream_Pdd2UAQu28g_out.wav,C:\Users\CZ\Desktop\SonicSentinel AI\audio_dataset\raw\Panic Scream\notscream_Pdd2UAQu28g_out.wav,move:Panic Scream
AUD-006523,C:\Users\CZ\Desktop\SonicSentinel AI\audio_dataset\raw\Background Noise\notscream_PIdcZV3BNHU_out.wav,C:\Users\CZ\Desktop\SonicSentinel AI\_to_delete\label_audit\Background Noise\notscream_PIdcZV3BNHU_out.wav,delete
AUD-000542,C:\Users\CZ\Desktop\SonicSentinel AI\audio_dataset\raw\Glass Breaking\esc50_1-84705-A-39.wav,C:\Users\CZ\Desktop\SonicSentinel AI\audio_dataset\raw\Glass Breaking\esc50_1-84705-A-39_dup.wav,move:Glass Breaking
AUD-000547,C:\Users\CZ\Desktop\SonicSentinel AI\audio_dataset\raw\Glass Breaking\esc50_2-106881-A-39.wav,C:\Users\CZ\Desktop\SonicSentinel AI\audio_dataset\raw\Glass Breaking\esc50_2-106881-A-39_dup.wav,move:Glass Breaking
AUD-006847,C:\Users\CZ\Desktop\SonicSentinel AI\audio_dataset\raw\Background Noise\us8k_205610-4-0-0.wav,C:\Users\CZ\Desktop\SonicSentinel AI\_to_delete\label_audit\Background Noise\us8k_205610-4-0-0.wav,delete
AUD-006862,C:\Users\CZ\Desktop\SonicSentinel AI\audio_dataset\raw\Background Noise\us8k_33340-7-15-0.wav,C:\Users\CZ\Desktop\SonicSentinel AI\_to_delete\label_audit\Background Noise\us8k_33340-7-15-0.wav,delete
AUD-006887,C:\Users\CZ\Desktop\SonicSentinel AI\audio_dataset\raw\Background Noise\us8k_60935-2-0-4.wav,C:\Users\CZ\Desktop\SonicSentinel AI\_to_delete\label_audit\Background Noise\us8k_60935-2-0-4.wav,delete
AUD-006782,C:\Users\CZ\Desktop\SonicSentinel AI\audio_dataset\raw\Background Noise\us8k_175904-2-0-24.wav,C:\Users\CZ\Desktop\SonicSentinel AI\_to_delete\label_audit\Background Noise\us8k_175904-2-0-24.wav,delete
AUD-006800,C:\Users\CZ\Desktop\SonicSentinel AI\audio_dataset\raw\Background Noise\us8k_17913-4-2-0.wav,C:\Users\CZ\Desktop\SonicSentinel AI\_to_delete\label_audit\Background Noise\us8k_17913-4-2-0.wav,delete
AUD-000812,C:\Users\CZ\Desktop\SonicSentinel AI\audio_dataset\raw\Alarm or Siren\us8k_121528-8-1-1.wav,C:\Users\CZ\Desktop\SonicSentinel AI\audio_dataset\raw\Background Noise\us8k_121528-8-1-1.wav,move:Background Noise
AUD-006505,C:\Users\CZ\Desktop\SonicSentinel AI\audio_dataset\raw\Background Noise\notscream_o274yH7D0Og_out.wav,C:\Users\CZ\Desktop\SonicSentinel AI\_to_delete\label_audit\Background Noise\notscream_o274yH7D0Og_out.wav,delete
AUD-006534,C:\Users\CZ\Desktop\SonicSentinel AI\audio_dataset\raw\Background Noise\notscream_Qyq67PSyedI_out.wav,C:\Users\CZ\Desktop\SonicSentinel AI\_to_delete\label_audit\Background Noise\notscream_Qyq67PSyedI_out.wav,delete
AUD-006532,C:\Users\CZ\Desktop\SonicSentinel AI\audio_dataset\raw\Background Noise\notscream_qDXuGb91ld0_out.wav,C:\Users\CZ\Desktop\SonicSentinel AI\audio_dataset\raw\Background Noise\notscream_qDXuGb91ld0_out_dup.wav,move:Background Noise
AUD-001981,C:\Users\CZ\Desktop\SonicSentinel AI\audio_dataset\raw\Animal Sound\esc50_2-119161-B-8.wav,C:\Users\CZ\Desktop\SonicSentinel AI\audio_dataset\raw\Animal Sound\esc50_2-119161-B-8_dup.wav,move:Animal Sound
AUD-002037,C:\Users\CZ\Desktop\SonicSentinel AI\audio_dataset\raw\Animal Sound\esc50_3-105236-A-7.wav,C:\Users\CZ\Desktop\SonicSentinel AI\audio_dataset\raw\Animal Sound\esc50_3-105236-A-7_dup.wav,move:Animal Sound
AUD-005212,C:\Users\CZ\Desktop\SonicSentinel AI\audio_dataset\raw\Person Asking for Help\rec_S03_20260924_033925_026.wav,C:\Users\CZ\Desktop\SonicSentinel AI\_to_delete\label_audit\Person Asking for Help\rec_S03_20260924_033925_026.wav,delete
AUD-002101,C:\Users\CZ\Desktop\SonicSentinel AI\audio_dataset\raw\Animal Sound\esc50_3-257858-A-2.wav,C:\Users\CZ\Desktop\SonicSentinel AI\_to_delete\label_audit\Animal Sound\esc50_3-257858-A-2.wav,delete
AUD-002094,C:\Users\CZ\Desktop\SonicSentinel AI\audio_dataset\raw\Animal Sound\esc50_3-233151-A-2.wav,C:\Users\CZ\Desktop\SonicSentinel AI\_to_delete\label_audit\Animal Sound\esc50_3-233151-A-2.wav,delete
AUD-002053,C:\Users\CZ\Desktop\SonicSentinel AI\audio_dataset\raw\Animal Sound\esc50_3-129264-A-9.wav,C:\Users\CZ\Desktop\SonicSentinel AI\_to_delete\label_audit\Animal Sound\esc50_3-129264-A-9.wav,delete
AUD-006499,C:\Users\CZ\Desktop\SonicSentinel AI\audio_dataset\raw\Background Noise\notscream_nck7Z9MtNIU_out.wav,C:\Users\CZ\Desktop\SonicSentinel AI\_to_delete\label_audit\Background Noise\notscream_nck7Z9MtNIU_out.wav,delete
AUD-006854,C:\Users\CZ\Desktop\SonicSentinel AI\audio_dataset\raw\Background Noise\us8k_22883-7-81-0.wav,C:\Users\CZ\Desktop\SonicSentinel AI\_to_delete\label_audit\Background Noise\us8k_22883-7-81-0.wav,delete
AUD-005636,C:\Users\CZ\Desktop\SonicSentinel AI\audio_dataset\raw\Background Noise\esc50_3-107123-A-26.wav,C:\Users\CZ\Desktop\SonicSentinel AI\_to_delete\label_audit\Background Noise\esc50_3-107123-A-26.wav,delete
AUD-000689,C:\Users\CZ\Desktop\SonicSentinel AI\audio_dataset\raw\Alarm or Siren\esc50_5-150409-A-42.wav,C:\Users\CZ\Desktop\SonicSentinel AI\_to_delete\label_audit\Alarm or Siren\esc50_5-150409-A-42.wav,delete
AUD-006799,C:\Users\CZ\Desktop\SonicSentinel AI\audio_dataset\raw\Background Noise\us8k_178826-2-0-14.wav,C:\Users\CZ\Desktop\SonicSentinel AI\audio_dataset\raw\Background Noise\us8k_178826-2-0-14_dup.wav,move:Background Noise
AUD-000652,C:\Users\CZ\Desktop\SonicSentinel AI\audio_dataset\raw\Alarm or Siren\esc50_3-117793-A-37.wav,C:\Users\CZ\Desktop\SonicSentinel AI\audio_dataset\raw\Alarm or Siren\esc50_3-117793-A-37_dup.wav,move:Alarm or Siren
AUD-005588,C:\Users\CZ\Desktop\SonicSentinel AI\audio_dataset\raw\Background Noise\esc50_2-60180-A-49.wav,C:\Users\CZ\Desktop\SonicSentinel AI\_to_delete\label_audit\Background Noise\esc50_2-60180-A-49.wav,delete
AUD-005489,C:\Users\CZ\Desktop\SonicSentinel AI\audio_dataset\raw\Background Noise\esc50_1-58792-A-24.wav,C:\Users\CZ\Desktop\SonicSentinel AI\_to_delete\label_audit\Background Noise\esc50_1-58792-A-24.wav,delete
AUD-004276,C:\Users\CZ\Desktop\SonicSentinel AI\audio_dataset\raw\Panic Scream\scream_8Vb69cN3uWQ_out.wav,C:\Users\CZ\Desktop\SonicSentinel AI\audio_dataset\raw\Background Noise\scream_8Vb69cN3uWQ_out.wav,move:Background Noise
AUD-004409,C:\Users\CZ\Desktop\SonicSentinel AI\audio_dataset\raw\Panic Scream\scream_DBPbNWss8zk_out.wav,C:\Users\CZ\Desktop\SonicSentinel AI\audio_dataset\raw\Panic Scream\scream_DBPbNWss8zk_out_dup.wav,move:Panic Scream
AUD-004311,C:\Users\CZ\Desktop\SonicSentinel AI\audio_dataset\raw\Panic Scream\scream__TLzbbay6Hw_out.wav,C:\Users\CZ\Desktop\SonicSentinel AI\audio_dataset\raw\Panic Scream\scream__TLzbbay6Hw_out_dup.wav,move:Panic Scream
AUD-004685,C:\Users\CZ\Desktop\SonicSentinel AI\audio_dataset\raw\Panic Scream\scream_QaFvrx3r8k4_out.wav,C:\Users\CZ\Desktop\SonicSentinel AI\audio_dataset\raw\Panic Scream\scream_QaFvrx3r8k4_out_dup.wav,move:Panic Scream
AUD-005806,C:\Users\CZ\Desktop\SonicSentinel AI\audio_dataset\raw\Background Noise\esc50_4-181599-A-26.wav,C:\Users\CZ\Desktop\SonicSentinel AI\_to_delete\label_audit\Background Noise\esc50_4-181599-A-26.wav,delete
AUD-002529,C:\Users\CZ\Desktop\SonicSentinel AI\audio_dataset\raw\Animal Sound\us8k_17615-3-0-4.wav,C:\Users\CZ\Desktop\SonicSentinel AI\_to_delete\label_audit\Animal Sound\us8k_17615-3-0-4.wav,delete
AUD-006338,C:\Users\CZ\Desktop\SonicSentinel AI\audio_dataset\raw\Background Noise\notscream_9Nw0H-NeX-4_out.wav,C:\Users\CZ\Desktop\SonicSentinel AI\_to_delete\label_audit\Background Noise\notscream_9Nw0H-NeX-4_out.wav,delete
AUD-006668,C:\Users\CZ\Desktop\SonicSentinel AI\audio_dataset\raw\Background Noise\rec_S01_20260924_105510_013.wav,C:\Users\CZ\Desktop\SonicSentinel AI\_to_delete\label_audit\Background Noise\rec_S01_20260924_105510_013.wav,delete
AUD-001364,C:\Users\CZ\Desktop\SonicSentinel AI\audio_dataset\raw\Alarm or Siren\us8k_70740-8-0-0.wav,C:\Users\CZ\Desktop\SonicSentinel AI\_to_delete\label_audit\Alarm or Siren\us8k_70740-8-0-0.wav,delete
AUD-001491,C:\Users\CZ\Desktop\SonicSentinel AI\audio_dataset\raw\Vehicle Horn\esc50_1-254507-A-43.wav,C:\Users\CZ\Desktop\SonicSentinel AI\audio_dataset\raw\Vehicle Horn\esc50_1-254507-A-43_dup.wav,move:Vehicle Horn
AUD-004754,C:\Users\CZ\Desktop\SonicSentinel AI\audio_dataset\raw\Panic Scream\scream_ThWk-DFLmeU_out.wav,C:\Users\CZ\Desktop\SonicSentinel AI\audio_dataset\raw\Panic Scream\scream_ThWk-DFLmeU_out_dup.wav,move:Panic Scream
AUD-004758,C:\Users\CZ\Desktop\SonicSentinel AI\audio_dataset\raw\Panic Scream\scream_TlFSjfGa5Bc_out.wav,C:\Users\CZ\Desktop\SonicSentinel AI\audio_dataset\raw\Panic Scream\scream_TlFSjfGa5Bc_out_dup.wav,move:Panic Scream
AUD-006381,C:\Users\CZ\Desktop\SonicSentinel AI\audio_dataset\raw\Background Noise\notscream_CZmiS6QsfJU_out.wav,C:\Users\CZ\Desktop\SonicSentinel AI\audio_dataset\raw\Panic Scream\notscream_CZmiS6QsfJU_out.wav,move:Panic Scream
AUD-002373,C:\Users\CZ\Desktop\SonicSentinel AI\audio_dataset\raw\Animal Sound\us8k_118963-3-0-0.wav,C:\Users\CZ\Desktop\SonicSentinel AI\audio_dataset\raw\Animal Sound\us8k_118963-3-0-0_dup.wav,move:Animal Sound
AUD-006461,C:\Users\CZ\Desktop\SonicSentinel AI\audio_dataset\raw\Background Noise\notscream_jklPXWVY718_out.wav,C:\Users\CZ\Desktop\SonicSentinel AI\_to_delete\label_audit\Background Noise\notscream_jklPXWVY718_out.wav,delete
AUD-002199,C:\Users\CZ\Desktop\SonicSentinel AI\audio_dataset\raw\Animal Sound\esc50_5-103421-A-2.wav,C:\Users\CZ\Desktop\SonicSentinel AI\audio_dataset\raw\Animal Sound\esc50_5-103421-A-2_dup.wav,move:Animal Sound
AUD-002163,C:\Users\CZ\Desktop\SonicSentinel AI\audio_dataset\raw\Animal Sound\esc50_4-191246-B-7.wav,C:\Users\CZ\Desktop\SonicSentinel AI\audio_dataset\raw\Animal Sound\esc50_4-191246-B-7_dup.wav,move:Animal Sound
AUD-005084,C:\Users\CZ\Desktop\SonicSentinel AI\audio_dataset\raw\Aggression\vsd_angry_122_03545.wav,C:\Users\CZ\Desktop\SonicSentinel AI\audio_dataset\raw\Aggression\vsd_angry_122_03545_dup.wav,move:Aggression
AUD-005855,C:\Users\CZ\Desktop\SonicSentinel AI\audio_dataset\raw\Background Noise\esc50_4-59579-B-20.wav,C:\Users\CZ\Desktop\SonicSentinel AI\audio_dataset\raw\Background Noise\esc50_4-59579-B-20_dup.wav,move:Background Noise
AUD-004224,C:\Users\CZ\Desktop\SonicSentinel AI\audio_dataset\raw\Panic Scream\scream_6AFVlijRSNU_out.wav,C:\Users\CZ\Desktop\SonicSentinel AI\audio_dataset\raw\Panic Scream\scream_6AFVlijRSNU_out_dup.wav,move:Panic Scream
AUD-004271,C:\Users\CZ\Desktop\SonicSentinel AI\audio_dataset\raw\Panic Scream\scream_8nyGDRdrruw_out.wav,C:\Users\CZ\Desktop\SonicSentinel AI\_to_delete\label_audit\Panic Scream\scream_8nyGDRdrruw_out.wav,delete
AUD-006895,C:\Users\CZ\Desktop\SonicSentinel AI\audio_dataset\raw\Background Noise\us8k_66000-9-0-0.wav,C:\Users\CZ\Desktop\SonicSentinel AI\_to_delete\label_audit\Background Noise\us8k_66000-9-0-0.wav,delete
AUD-001523,C:\Users\CZ\Desktop\SonicSentinel AI\audio_dataset\raw\Vehicle Horn\esc50_5-179868-A-43.wav,C:\Users\CZ\Desktop\SonicSentinel AI\audio_dataset\raw\Vehicle Horn\esc50_5-179868-A-43_dup.wav,move:Vehicle Horn
AUD-006745,C:\Users\CZ\Desktop\SonicSentinel AI\audio_dataset\raw\Background Noise\us8k_155242-9-0-15.wav,C:\Users\CZ\Desktop\SonicSentinel AI\_to_delete\label_audit\Background Noise\us8k_155242-9-0-15.wav,delete
AUD-004196,C:\Users\CZ\Desktop\SonicSentinel AI\audio_dataset\raw\Panic Scream\scream_4xTGouBKGN4_out.wav,C:\Users\CZ\Desktop\SonicSentinel AI\_to_delete\label_audit\Panic Scream\scream_4xTGouBKGN4_out.wav,delete
AUD-005887,C:\Users\CZ\Desktop\SonicSentinel AI\audio_dataset\raw\Background Noise\esc50_5-198411-D-20.wav,C:\Users\CZ\Desktop\SonicSentinel AI\audio_dataset\raw\Background Noise\esc50_5-198411-D-20_dup.wav,move:Background Noise
AUD-005787,C:\Users\CZ\Desktop\SonicSentinel AI\audio_dataset\raw\Background Noise\esc50_4-167571-A-26.wav,C:\Users\CZ\Desktop\SonicSentinel AI\_to_delete\label_audit\Background Noise\esc50_4-167571-A-26.wav,delete
AUD-005870,C:\Users\CZ\Desktop\SonicSentinel AI\audio_dataset\raw\Background Noise\esc50_5-181458-A-33.wav,C:\Users\CZ\Desktop\SonicSentinel AI\audio_dataset\raw\Background Noise\esc50_5-181458-A-33_dup.wav,move:Background Noise
AUD-000636,C:\Users\CZ\Desktop\SonicSentinel AI\audio_dataset\raw\Alarm or Siren\esc50_2-102435-A-37.wav,C:\Users\CZ\Desktop\SonicSentinel AI\audio_dataset\raw\Alarm or Siren\esc50_2-102435-A-37_dup.wav,move:Alarm or Siren
AUD-006424,C:\Users\CZ\Desktop\SonicSentinel AI\audio_dataset\raw\Background Noise\notscream_GjE_iD2BbFg_out.wav,C:\Users\CZ\Desktop\SonicSentinel AI\_to_delete\label_audit\Background Noise\notscream_GjE_iD2BbFg_out.wav,delete
AUD-004610,C:\Users\CZ\Desktop\SonicSentinel AI\audio_dataset\raw\Panic Scream\scream_MStmROOpspI_out.wav,C:\Users\CZ\Desktop\SonicSentinel AI\audio_dataset\raw\Panic Scream\scream_MStmROOpspI_out_dup.wav,move:Panic Scream
AUD-004942,C:\Users\CZ\Desktop\SonicSentinel AI\audio_dataset\raw\Aggression\vsd_angry_049_00280.wav,C:\Users\CZ\Desktop\SonicSentinel AI\_to_delete\label_audit\Aggression\vsd_angry_049_00280.wav,delete
AUD-006452,C:\Users\CZ\Desktop\SonicSentinel AI\audio_dataset\raw\Background Noise\notscream_iUxy2s5d60o_out.wav,C:\Users\CZ\Desktop\SonicSentinel AI\_to_delete\label_audit\Background Noise\notscream_iUxy2s5d60o_out.wav,delete
AUD-005156,C:\Users\CZ\Desktop\SonicSentinel AI\audio_dataset\raw\Aggression\vsd_angry_191_01171.wav,C:\Users\CZ\Desktop\SonicSentinel AI\audio_dataset\raw\Aggression\vsd_angry_191_01171_dup.wav,move:Aggression
AUD-005185,C:\Users\CZ\Desktop\SonicSentinel AI\audio_dataset\raw\Aggression\vsd_angry_204_01835.wav,C:\Users\CZ\Desktop\SonicSentinel AI\_to_delete\label_audit\Aggression\vsd_angry_204_01835.wav,delete
AUD-000561,C:\Users\CZ\Desktop\SonicSentinel AI\audio_dataset\raw\Glass Breaking\esc50_3-216281-A-39.wav,C:\Users\CZ\Desktop\SonicSentinel AI\audio_dataset\raw\Glass Breaking\esc50_3-216281-A-39_dup.wav,move:Glass Breaking
AUD-002064,C:\Users\CZ\Desktop\SonicSentinel AI\audio_dataset\raw\Animal Sound\esc50_3-146972-A-5.wav,C:\Users\CZ\Desktop\SonicSentinel AI\audio_dataset\raw\Animal Sound\esc50_3-146972-A-5_dup.wav,move:Animal Sound
AUD-006501,C:\Users\CZ\Desktop\SonicSentinel AI\audio_dataset\raw\Background Noise\notscream_NK92DUyyngc_out.wav,C:\Users\CZ\Desktop\SonicSentinel AI\_to_delete\label_audit\Background Noise\notscream_NK92DUyyngc_out.wav,delete
AUD-000619,C:\Users\CZ\Desktop\SonicSentinel AI\audio_dataset\raw\Glass Breaking\extra_wings_of_freedom-broken-glass-403772.mp3,C:\Users\CZ\Desktop\SonicSentinel AI\audio_dataset\raw\Glass Breaking\extra_wings_of_freedom-broken-glass-403772_dup.mp3,move:Glass Breaking
AUD-001628,C:\Users\CZ\Desktop\SonicSentinel AI\audio_dataset\raw\Vehicle Horn\us8k_185436-1-5-0.wav,C:\Users\CZ\Desktop\SonicSentinel AI\_to_delete\label_audit\Vehicle Horn\us8k_185436-1-5-0.wav,delete
AUD-006524,C:\Users\CZ\Desktop\SonicSentinel AI\audio_dataset\raw\Background Noise\notscream_pk0xBpBk0s0_out.wav,C:\Users\CZ\Desktop\SonicSentinel AI\_to_delete\label_audit\Background Noise\notscream_pk0xBpBk0s0_out.wav,delete
AUD-002098,C:\Users\CZ\Desktop\SonicSentinel AI\audio_dataset\raw\Animal Sound\esc50_3-253084-C-2.wav,C:\Users\CZ\Desktop\SonicSentinel AI\audio_dataset\raw\Animal Sound\esc50_3-253084-C-2_dup.wav,move:Animal Sound
AUD-004547,C:\Users\CZ\Desktop\SonicSentinel AI\audio_dataset\raw\Panic Scream\scream_JNsG1IJDY6Y_out.wav,C:\Users\CZ\Desktop\SonicSentinel AI\audio_dataset\raw\Panic Scream\scream_JNsG1IJDY6Y_out_dup.wav,move:Panic Scream
AUD-001495,C:\Users\CZ\Desktop\SonicSentinel AI\audio_dataset\raw\Vehicle Horn\esc50_2-100648-A-43.wav,C:\Users\CZ\Desktop\SonicSentinel AI\_to_delete\label_audit\Vehicle Horn\esc50_2-100648-A-43.wav,delete
AUD-005181,C:\Users\CZ\Desktop\SonicSentinel AI\audio_dataset\raw\Aggression\vsd_angry_204_00882.wav,C:\Users\CZ\Desktop\SonicSentinel AI\_to_delete\label_audit\Aggression\vsd_angry_204_00882.wav,delete
AUD-006414,C:\Users\CZ\Desktop\SonicSentinel AI\audio_dataset\raw\Background Noise\notscream_fWTrDugFpko_out.wav,C:\Users\CZ\Desktop\SonicSentinel AI\_to_delete\label_audit\Background Noise\notscream_fWTrDugFpko_out.wav,delete
AUD-002184,C:\Users\CZ\Desktop\SonicSentinel AI\audio_dataset\raw\Animal Sound\esc50_4-250864-A-8.wav,C:\Users\CZ\Desktop\SonicSentinel AI\audio_dataset\raw\Animal Sound\esc50_4-250864-A-8_dup.wav,move:Animal Sound
AUD-006720,C:\Users\CZ\Desktop\SonicSentinel AI\audio_dataset\raw\Background Noise\us8k_142003-2-0-8.wav,C:\Users\CZ\Desktop\SonicSentinel AI\_to_delete\label_audit\Background Noise\us8k_142003-2-0-8.wav,delete
AUD-004098,C:\Users\CZ\Desktop\SonicSentinel AI\audio_dataset\raw\Gunshot\us8k_93139-6-0-0.wav,C:\Users\CZ\Desktop\SonicSentinel AI\_to_delete\label_audit\Gunshot\us8k_93139-6-0-0.wav,delete
AUD-005812,C:\Users\CZ\Desktop\SonicSentinel AI\audio_dataset\raw\Background Noise\esc50_4-182839-A-17.wav,C:\Users\CZ\Desktop\SonicSentinel AI\audio_dataset\raw\Background Noise\esc50_4-182839-A-17_dup.wav,move:Background Noise
AUD-005199,C:\Users\CZ\Desktop\SonicSentinel AI\audio_dataset\raw\Person Asking for Help\rec_S01_20260924_031742_011.wav,C:\Users\CZ\Desktop\SonicSentinel AI\_to_delete\label_audit\Person Asking for Help\rec_S01_20260924_031742_011.wav,delete
AUD-002564,C:\Users\CZ\Desktop\SonicSentinel AI\audio_dataset\raw\Animal Sound\us8k_183989-3-1-23.wav,C:\Users\CZ\Desktop\SonicSentinel AI\audio_dataset\raw\Background Noise\us8k_183989-3-1-23.wav,move:Background Noise
AUD-000657,C:\Users\CZ\Desktop\SonicSentinel AI\audio_dataset\raw\Alarm or Siren\esc50_3-132340-A-37.wav,C:\Users\CZ\Desktop\SonicSentinel AI\audio_dataset\raw\Alarm or Siren\esc50_3-132340-A-37_dup.wav,move:Alarm or Siren
AUD-001518,C:\Users\CZ\Desktop\SonicSentinel AI\audio_dataset\raw\Vehicle Horn\esc50_4-191015-A-43.wav,C:\Users\CZ\Desktop\SonicSentinel AI\audio_dataset\raw\Vehicle Horn\esc50_4-191015-A-43_dup.wav,move:Vehicle Horn
AUD-005623,C:\Users\CZ\Desktop\SonicSentinel AI\audio_dataset\raw\Background Noise\esc50_2-87795-A-24.wav,C:\Users\CZ\Desktop\SonicSentinel AI\audio_dataset\raw\Background Noise\esc50_2-87795-A-24_dup.wav,move:Background Noise
AUD-004072,C:\Users\CZ\Desktop\SonicSentinel AI\audio_dataset\raw\Gunshot\us8k_7061-6-0-0.wav,C:\Users\CZ\Desktop\SonicSentinel AI\audio_dataset\raw\Gunshot\us8k_7061-6-0-0_dup.wav,move:Gunshot
AUD-005037,C:\Users\CZ\Desktop\SonicSentinel AI\audio_dataset\raw\Aggression\vsd_angry_095_00098.wav,C:\Users\CZ\Desktop\SonicSentinel AI\audio_dataset\raw\Aggression\vsd_angry_095_00098_dup.wav,move:Aggression
AUD-006274,C:\Users\CZ\Desktop\SonicSentinel AI\audio_dataset\raw\Background Noise\notscream_1_cwgiVIRJw_out.wav,C:\Users\CZ\Desktop\SonicSentinel AI\audio_dataset\raw\Panic Scream\notscream_1_cwgiVIRJw_out.wav,move:Panic Scream
AUD-002185,C:\Users\CZ\Desktop\SonicSentinel AI\audio_dataset\raw\Animal Sound\esc50_4-250869-A-2.wav,C:\Users\CZ\Desktop\SonicSentinel AI\audio_dataset\raw\Animal Sound\esc50_4-250869-A-2_dup.wav,move:Animal Sound
AUD-004935,C:\Users\CZ\Desktop\SonicSentinel AI\audio_dataset\raw\Aggression\vsd_angry_042_00180.wav,C:\Users\CZ\Desktop\SonicSentinel AI\audio_dataset\raw\Aggression\vsd_angry_042_00180_dup.wav,move:Aggression
AUD-005699,C:\Users\CZ\Desktop\SonicSentinel AI\audio_dataset\raw\Background Noise\esc50_3-152912-A-26.wav,C:\Users\CZ\Desktop\SonicSentinel AI\audio_dataset\raw\Background Noise\esc50_3-152912-A-26_dup.wav,move:Background Noise
AUD-000109,C:\Users\CZ\Desktop\SonicSentinel AI\audio_dataset\raw\Machinery Fault\mimii_mimii_00000108.wav,C:\Users\CZ\Desktop\SonicSentinel AI\audio_dataset\raw\Machinery Fault\mimii_mimii_00000108_dup.wav,move:Machinery Fault
AUD-005465,C:\Users\CZ\Desktop\SonicSentinel AI\audio_dataset\raw\Background Noise\esc50_1-31748-A-21.wav,C:\Users\CZ\Desktop\SonicSentinel AI\audio_dataset\raw\Background Noise\esc50_1-31748-A-21_dup.wav,move:Background Noise
AUD-002119,C:\Users\CZ\Desktop\SonicSentinel AI\audio_dataset\raw\Animal Sound\esc50_4-133895-A-7.wav,C:\Users\CZ\Desktop\SonicSentinel AI\audio_dataset\raw\Animal Sound\esc50_4-133895-A-7_dup.wav,move:Animal Sound
AUD-005481,C:\Users\CZ\Desktop\SonicSentinel AI\audio_dataset\raw\Background Noise\esc50_1-47274-A-21.wav,C:\Users\CZ\Desktop\SonicSentinel AI\audio_dataset\raw\Background Noise\esc50_1-47274-A-21_dup.wav,move:Background Noise
AUD-000563,C:\Users\CZ\Desktop\SonicSentinel AI\audio_dataset\raw\Glass Breaking\esc50_4-204115-A-39.wav,C:\Users\CZ\Desktop\SonicSentinel AI\audio_dataset\raw\Glass Breaking\esc50_4-204115-A-39_dup.wav,move:Glass Breaking
AUD-004431,C:\Users\CZ\Desktop\SonicSentinel AI\audio_dataset\raw\Panic Scream\scream_e7i3GXL0iuU_out.wav,C:\Users\CZ\Desktop\SonicSentinel AI\audio_dataset\raw\Panic Scream\scream_e7i3GXL0iuU_out_dup.wav,move:Panic Scream
AUD-005012,C:\Users\CZ\Desktop\SonicSentinel AI\audio_dataset\raw\Aggression\vsd_angry_085_00132.wav,C:\Users\CZ\Desktop\SonicSentinel AI\audio_dataset\raw\Aggression\vsd_angry_085_00132_dup.wav,move:Aggression
AUD-006901,C:\Users\CZ\Desktop\SonicSentinel AI\audio_dataset\raw\Background Noise\us8k_73524-0-0-54.wav,C:\Users\CZ\Desktop\SonicSentinel AI\audio_dataset\raw\Background Noise\us8k_73524-0-0-54_dup.wav,move:Background Noise
AUD-004240,C:\Users\CZ\Desktop\SonicSentinel AI\audio_dataset\raw\Panic Scream\scream_7ag2YQ1Kn2c_out.wav,C:\Users\CZ\Desktop\SonicSentinel AI\audio_dataset\raw\Panic Scream\scream_7ag2YQ1Kn2c_out_dup.wav,move:Panic Scream
AUD-002178,C:\Users\CZ\Desktop\SonicSentinel AI\audio_dataset\raw\Animal Sound\esc50_4-223125-A-14.wav,C:\Users\CZ\Desktop\SonicSentinel AI\_to_delete\label_audit\Animal Sound\esc50_4-223125-A-14.wav,delete
AUD-005609,C:\Users\CZ\Desktop\SonicSentinel AI\audio_dataset\raw\Background Noise\esc50_2-80844-A-13.wav,C:\Users\CZ\Desktop\SonicSentinel AI\audio_dataset\raw\Animal Sound\esc50_2-80844-A-13.wav,move:Animal Sound
AUD-006478,C:\Users\CZ\Desktop\SonicSentinel AI\audio_dataset\raw\Background Noise\notscream_L9cNzJUOYuk_out.wav,C:\Users\CZ\Desktop\SonicSentinel AI\_to_delete\label_audit\Background Noise\notscream_L9cNzJUOYuk_out.wav,delete
AUD-002217,C:\Users\CZ\Desktop\SonicSentinel AI\audio_dataset\raw\Animal Sound\esc50_5-194932-A-7.wav,C:\Users\CZ\Desktop\SonicSentinel AI\audio_dataset\raw\Animal Sound\esc50_5-194932-A-7_dup.wav,move:Animal Sound
AUD-006750,C:\Users\CZ\Desktop\SonicSentinel AI\audio_dataset\raw\Background Noise\us8k_158593-2-0-52.wav,C:\Users\CZ\Desktop\SonicSentinel AI\audio_dataset\raw\Background Noise\us8k_158593-2-0-52_dup.wav,move:Background Noise
AUD-001299,C:\Users\CZ\Desktop\SonicSentinel AI\audio_dataset\raw\Alarm or Siren\us8k_28426-8-0-0.wav,C:\Users\CZ\Desktop\SonicSentinel AI\audio_dataset\raw\Alarm or Siren\us8k_28426-8-0-0_dup.wav,move:Alarm or Siren
AUD-002263,C:\Users\CZ\Desktop\SonicSentinel AI\audio_dataset\raw\Animal Sound\esc50_5-244315-C-6.wav,C:\Users\CZ\Desktop\SonicSentinel AI\_to_delete\label_audit\Animal Sound\esc50_5-244315-C-6.wav,delete
AUD-006817,C:\Users\CZ\Desktop\SonicSentinel AI\audio_dataset\raw\Background Noise\us8k_182739-2-0-35.wav,C:\Users\CZ\Desktop\SonicSentinel AI\_to_delete\label_audit\Background Noise\us8k_182739-2-0-35.wav,delete
AUD-001508,C:\Users\CZ\Desktop\SonicSentinel AI\audio_dataset\raw\Vehicle Horn\esc50_3-161010-A-43.wav,C:\Users\CZ\Desktop\SonicSentinel AI\audio_dataset\raw\Vehicle Horn\esc50_3-161010-A-43_dup.wav,move:Vehicle Horn
AUD-005967,C:\Users\CZ\Desktop\SonicSentinel AI\audio_dataset\raw\Background Noise\extra_floraphonic-empty-glass-table-foley-slide-9-237635.mp3,C:\Users\CZ\Desktop\SonicSentinel AI\audio_dataset\raw\Animal Sound\extra_floraphonic-empty-glass-table-foley-slide-9-237635.mp3,move:Animal Sound
AUD-006691,C:\Users\CZ\Desktop\SonicSentinel AI\audio_dataset\raw\Background Noise\us8k_106905-5-0-0.wav,C:\Users\CZ\Desktop\SonicSentinel AI\_to_delete\label_audit\Background Noise\us8k_106905-5-0-0.wav,delete
AUD-001784,C:\Users\CZ\Desktop\SonicSentinel AI\audio_dataset\raw\Vehicle Horn\us8k_72259-1-9-1.wav,C:\Users\CZ\Desktop\SonicSentinel AI\audio_dataset\raw\Vehicle Horn\us8k_72259-1-9-1_dup.wav,move:Vehicle Horn
AUD-004923,C:\Users\CZ\Desktop\SonicSentinel AI\audio_dataset\raw\Aggression\vsd_angry_032_00140.wav,C:\Users\CZ\Desktop\SonicSentinel AI\audio_dataset\raw\Aggression\vsd_angry_032_00140_dup.wav,move:Aggression
AUD-001843,C:\Users\CZ\Desktop\SonicSentinel AI\audio_dataset\raw\Vehicle Horn\us8k_7389-1-4-1.wav,C:\Users\CZ\Desktop\SonicSentinel AI\_to_delete\label_audit\Vehicle Horn\us8k_7389-1-4-1.wav,delete
AUD-006611,C:\Users\CZ\Desktop\SonicSentinel AI\audio_dataset\raw\Background Noise\notscream_ZmbO1DwmUZY_out.wav,C:\Users\CZ\Desktop\SonicSentinel AI\audio_dataset\raw\Panic Scream\notscream_ZmbO1DwmUZY_out.wav,move:Panic Scream
AUD-006719,C:\Users\CZ\Desktop\SonicSentinel AI\audio_dataset\raw\Background Noise\us8k_142003-2-0-0.wav,C:\Users\CZ\Desktop\SonicSentinel AI\_to_delete\label_audit\Background Noise\us8k_142003-2-0-0.wav,delete
AUD-006324,C:\Users\CZ\Desktop\SonicSentinel AI\audio_dataset\raw\Background Noise\notscream_82EHZ4_pTps_out.wav,C:\Users\CZ\Desktop\SonicSentinel AI\_to_delete\label_audit\Background Noise\notscream_82EHZ4_pTps_out.wav,delete
AUD-006407,C:\Users\CZ\Desktop\SonicSentinel AI\audio_dataset\raw\Background Noise\notscream_fGPfAwuoYf8_out.wav,C:\Users\CZ\Desktop\SonicSentinel AI\_to_delete\label_audit\Background Noise\notscream_fGPfAwuoYf8_out.wav,delete
AUD-004730,C:\Users\CZ\Desktop\SonicSentinel AI\audio_dataset\raw\Panic Scream\scream_ShK1-OLPJqA_out.wav,C:\Users\CZ\Desktop\SonicSentinel AI\audio_dataset\raw\Panic Scream\scream_ShK1-OLPJqA_out_dup.wav,move:Panic Scream
AUD-006910,C:\Users\CZ\Desktop\SonicSentinel AI\audio_dataset\raw\Background Noise\us8k_79089-0-0-52.wav,C:\Users\CZ\Desktop\SonicSentinel AI\_to_delete\label_audit\Background Noise\us8k_79089-0-0-52.wav,delete
AUD-006553,C:\Users\CZ\Desktop\SonicSentinel AI\audio_dataset\raw\Background Noise\notscream_TcoRmHHHNgI_out.wav,C:\Users\CZ\Desktop\SonicSentinel AI\audio_dataset\raw\Background Noise\notscream_TcoRmHHHNgI_out_dup.wav,move:Background Noise
AUD-006539,C:\Users\CZ\Desktop\SonicSentinel AI\audio_dataset\raw\Background Noise\notscream_rmprN7i_f_4_out.wav,C:\Users\CZ\Desktop\SonicSentinel AI\audio_dataset\raw\Panic Scream\notscream_rmprN7i_f_4_out.wav,move:Panic Scream
AUD-006882,C:\Users\CZ\Desktop\SonicSentinel AI\audio_dataset\raw\Background Noise\us8k_57320-0-0-37.wav,C:\Users\CZ\Desktop\SonicSentinel AI\_to_delete\label_audit\Background Noise\us8k_57320-0-0-37.wav,delete
AUD-001309,C:\Users\CZ\Desktop\SonicSentinel AI\audio_dataset\raw\Alarm or Siren\us8k_34952-8-0-7.wav,C:\Users\CZ\Desktop\SonicSentinel AI\_to_delete\label_audit\Alarm or Siren\us8k_34952-8-0-7.wav,delete
AUD-005762,C:\Users\CZ\Desktop\SonicSentinel AI\audio_dataset\raw\Background Noise\esc50_4-144083-C-16.wav,C:\Users\CZ\Desktop\SonicSentinel AI\audio_dataset\raw\Background Noise\esc50_4-144083-C-16_dup.wav,move:Background Noise
AUD-004370,C:\Users\CZ\Desktop\SonicSentinel AI\audio_dataset\raw\Panic Scream\scream_bXABYl3QEqY_out.wav,C:\Users\CZ\Desktop\SonicSentinel AI\_to_delete\label_audit\Panic Scream\scream_bXABYl3QEqY_out.wav,delete
AUD-000565,C:\Users\CZ\Desktop\SonicSentinel AI\audio_dataset\raw\Glass Breaking\esc50_4-204121-A-39.wav,C:\Users\CZ\Desktop\SonicSentinel AI\audio_dataset\raw\Glass Breaking\esc50_4-204121-A-39_dup.wav,move:Glass Breaking
AUD-000603,C:\Users\CZ\Desktop\SonicSentinel AI\audio_dataset\raw\Glass Breaking\extra_freesound_community-glass-break-2-80964.mp3,C:\Users\CZ\Desktop\SonicSentinel AI\audio_dataset\raw\Glass Breaking\extra_freesound_community-glass-break-2-80964_dup.mp3,move:Glass Breaking
AUD-005572,C:\Users\CZ\Desktop\SonicSentinel AI\audio_dataset\raw\Background Noise\esc50_2-144031-A-34.wav,C:\Users\CZ\Desktop\SonicSentinel AI\_to_delete\label_audit\Background Noise\esc50_2-144031-A-34.wav,delete
AUD-005816,C:\Users\CZ\Desktop\SonicSentinel AI\audio_dataset\raw\Background Noise\esc50_4-185575-B-20.wav,C:\Users\CZ\Desktop\SonicSentinel AI\audio_dataset\raw\Background Noise\esc50_4-185575-B-20_dup.wav,move:Background Noise
AUD-004537,C:\Users\CZ\Desktop\SonicSentinel AI\audio_dataset\raw\Panic Scream\scream_jBhXmVgGfTw_out.wav,C:\Users\CZ\Desktop\SonicSentinel AI\_to_delete\label_audit\Panic Scream\scream_jBhXmVgGfTw_out.wav,delete
AUD-006442,C:\Users\CZ\Desktop\SonicSentinel AI\audio_dataset\raw\Background Noise\notscream_ibrI5oETbRg_out.wav,C:\Users\CZ\Desktop\SonicSentinel AI\audio_dataset\raw\Panic Scream\notscream_ibrI5oETbRg_out.wav,move:Panic Scream
AUD-005186,C:\Users\CZ\Desktop\SonicSentinel AI\audio_dataset\raw\Aggression\vsd_angry_204_01921.wav,C:\Users\CZ\Desktop\SonicSentinel AI\_to_delete\label_audit\Aggression\vsd_angry_204_01921.wav,delete
AUD-005446,C:\Users\CZ\Desktop\SonicSentinel AI\audio_dataset\raw\Background Noise\esc50_1-211527-B-20.wav,C:\Users\CZ\Desktop\SonicSentinel AI\audio_dataset\raw\Background Noise\esc50_1-211527-B-20_dup.wav,move:Background Noise
AUD-001830,C:\Users\CZ\Desktop\SonicSentinel AI\audio_dataset\raw\Vehicle Horn\us8k_7389-1-0-7.wav,C:\Users\CZ\Desktop\SonicSentinel AI\audio_dataset\raw\Vehicle Horn\us8k_7389-1-0-7_dup.wav,move:Vehicle Horn
AUD-006563,C:\Users\CZ\Desktop\SonicSentinel AI\audio_dataset\raw\Background Noise\notscream_UnZ6ZqpNRts_out.wav,C:\Users\CZ\Desktop\SonicSentinel AI\_to_delete\label_audit\Background Noise\notscream_UnZ6ZqpNRts_out.wav,delete
AUD-006008,C:\Users\CZ\Desktop\SonicSentinel AI\audio_dataset\raw\Background Noise\extra_universfield-glass-hit-192119.mp3,C:\Users\CZ\Desktop\SonicSentinel AI\audio_dataset\raw\Glass Breaking\extra_universfield-glass-hit-192119.mp3,move:Glass Breaking
AUD-000658,C:\Users\CZ\Desktop\SonicSentinel AI\audio_dataset\raw\Alarm or Siren\esc50_3-139958-A-37.wav,C:\Users\CZ\Desktop\SonicSentinel AI\audio_dataset\raw\Alarm or Siren\esc50_3-139958-A-37_dup.wav,move:Alarm or Siren
AUD-004559,C:\Users\CZ\Desktop\SonicSentinel AI\audio_dataset\raw\Panic Scream\scream_KaDNaBWcn-w_out.wav,C:\Users\CZ\Desktop\SonicSentinel AI\_to_delete\label_audit\Panic Scream\scream_KaDNaBWcn-w_out.wav,delete
AUD-006356,C:\Users\CZ\Desktop\SonicSentinel AI\audio_dataset\raw\Background Noise\notscream_b_KtUga1_pg_out.wav,C:\Users\CZ\Desktop\SonicSentinel AI\_to_delete\label_audit\Background Noise\notscream_b_KtUga1_pg_out.wav,delete
AUD-005471,C:\Users\CZ\Desktop\SonicSentinel AI\audio_dataset\raw\Background Noise\esc50_1-36402-A-23.wav,C:\Users\CZ\Desktop\SonicSentinel AI\audio_dataset\raw\Background Noise\esc50_1-36402-A-23_dup.wav,move:Background Noise
AUD-001460,C:\Users\CZ\Desktop\SonicSentinel AI\audio_dataset\raw\Alarm or Siren\us8k_94020-8-0-0.wav,C:\Users\CZ\Desktop\SonicSentinel AI\audio_dataset\raw\Alarm or Siren\us8k_94020-8-0-0_dup.wav,move:Alarm or Siren
AUD-006798,C:\Users\CZ\Desktop\SonicSentinel AI\audio_dataset\raw\Background Noise\us8k_178825-2-0-95.wav,C:\Users\CZ\Desktop\SonicSentinel AI\audio_dataset\raw\Background Noise\us8k_178825-2-0-95_dup.wav,move:Background Noise
AUD-001999,C:\Users\CZ\Desktop\SonicSentinel AI\audio_dataset\raw\Animal Sound\esc50_2-196688-A-8.wav,C:\Users\CZ\Desktop\SonicSentinel AI\audio_dataset\raw\Animal Sound\esc50_2-196688-A-8_dup.wav,move:Animal Sound
AUD-004327,C:\Users\CZ\Desktop\SonicSentinel AI\audio_dataset\raw\Panic Scream\scream_AJpUGLilIqI_out.wav,C:\Users\CZ\Desktop\SonicSentinel AI\_to_delete\label_audit\Panic Scream\scream_AJpUGLilIqI_out.wav,delete
AUD-005082,C:\Users\CZ\Desktop\SonicSentinel AI\audio_dataset\raw\Aggression\vsd_angry_121_02584.wav,C:\Users\CZ\Desktop\SonicSentinel AI\_to_delete\label_audit\Aggression\vsd_angry_121_02584.wav,delete
AUD-000892,C:\Users\CZ\Desktop\SonicSentinel AI\audio_dataset\raw\Alarm or Siren\us8k_156868-8-2-0.wav,C:\Users\CZ\Desktop\SonicSentinel AI\audio_dataset\raw\Alarm or Siren\us8k_156868-8-2-0_dup.wav,move:Alarm or Siren
AUD-005780,C:\Users\CZ\Desktop\SonicSentinel AI\audio_dataset\raw\Background Noise\esc50_4-164243-A-26.wav,C:\Users\CZ\Desktop\SonicSentinel AI\_to_delete\label_audit\Background Noise\esc50_4-164243-A-26.wav,delete
AUD-002220,C:\Users\CZ\Desktop\SonicSentinel AI\audio_dataset\raw\Animal Sound\esc50_5-197446-A-7.wav,C:\Users\CZ\Desktop\SonicSentinel AI\audio_dataset\raw\Animal Sound\esc50_5-197446-A-7_dup.wav,move:Animal Sound
AUD-006550,C:\Users\CZ\Desktop\SonicSentinel AI\audio_dataset\raw\Background Noise\notscream_suCjtFaA8Lw_out.wav,C:\Users\CZ\Desktop\SonicSentinel AI\_to_delete\label_audit\Background Noise\notscream_suCjtFaA8Lw_out.wav,delete
AUD-000610,C:\Users\CZ\Desktop\SonicSentinel AI\audio_dataset\raw\Glass Breaking\extra_ptffoyrrerirr-glass-breaking-171617.mp3,C:\Users\CZ\Desktop\SonicSentinel AI\audio_dataset\raw\Glass Breaking\extra_ptffoyrrerirr-glass-breaking-171617_dup.mp3,move:Glass Breaking
AUD-006791,C:\Users\CZ\Desktop\SonicSentinel AI\audio_dataset\raw\Background Noise\us8k_177756-2-0-19.wav,C:\Users\CZ\Desktop\SonicSentinel AI\_to_delete\label_audit\Background Noise\us8k_177756-2-0-19.wav,delete
AUD-006731,C:\Users\CZ\Desktop\SonicSentinel AI\audio_dataset\raw\Background Noise\us8k_147764-4-2-0.wav,C:\Users\CZ\Desktop\SonicSentinel AI\_to_delete\label_audit\Background Noise\us8k_147764-4-2-0.wav,delete
AUD-006220,C:\Users\CZ\Desktop\SonicSentinel AI\audio_dataset\raw\Background Noise\mimiinorm_mimii_00000318.wav,C:\Users\CZ\Desktop\SonicSentinel AI\audio_dataset\raw\Machinery Fault\mimiinorm_mimii_00000318.wav,move:Machinery Fault
AUD-006766,C:\Users\CZ\Desktop\SonicSentinel AI\audio_dataset\raw\Background Noise\us8k_165640-4-0-0.wav,C:\Users\CZ\Desktop\SonicSentinel AI\audio_dataset\raw\Machinery Fault\us8k_165640-4-0-0.wav,move:Machinery Fault
AUD-004177,C:\Users\CZ\Desktop\SonicSentinel AI\audio_dataset\raw\Panic Scream\scream_3PGk_NqInRs_out.wav,C:\Users\CZ\Desktop\SonicSentinel AI\audio_dataset\raw\Panic Scream\scream_3PGk_NqInRs_out_dup.wav,move:Panic Scream
AUD-006443,C:\Users\CZ\Desktop\SonicSentinel AI\audio_dataset\raw\Background Noise\notscream_IGJLvxwzu-k_out.wav,C:\Users\CZ\Desktop\SonicSentinel AI\_to_delete\label_audit\Background Noise\notscream_IGJLvxwzu-k_out.wav,delete
AUD-002638,C:\Users\CZ\Desktop\SonicSentinel AI\audio_dataset\raw\Animal Sound\us8k_20015-3-0-14.wav,C:\Users\CZ\Desktop\SonicSentinel AI\_to_delete\label_audit\Animal Sound\us8k_20015-3-0-14.wav,delete
AUD-004787,C:\Users\CZ\Desktop\SonicSentinel AI\audio_dataset\raw\Panic Scream\scream_v9wvbr4y_y4_out.wav,C:\Users\CZ\Desktop\SonicSentinel AI\audio_dataset\raw\Panic Scream\scream_v9wvbr4y_y4_out_dup.wav,move:Panic Scream
AUD-001435,C:\Users\CZ\Desktop\SonicSentinel AI\audio_dataset\raw\Alarm or Siren\us8k_90846-8-0-0.wav,C:\Users\CZ\Desktop\SonicSentinel AI\_to_delete\label_audit\Alarm or Siren\us8k_90846-8-0-0.wav,delete
AUD-006157,C:\Users\CZ\Desktop\SonicSentinel AI\audio_dataset\raw\Background Noise\mimiinorm_mimii_00000218.wav,C:\Users\CZ\Desktop\SonicSentinel AI\_to_delete\label_audit\Background Noise\mimiinorm_mimii_00000218.wav,delete
AUD-006266,C:\Users\CZ\Desktop\SonicSentinel AI\audio_dataset\raw\Background Noise\notscream_-Tea8DpWZQM_out.wav,C:\Users\CZ\Desktop\SonicSentinel AI\_to_delete\label_audit\Background Noise\notscream_-Tea8DpWZQM_out.wav,delete
AUD-006721,C:\Users\CZ\Desktop\SonicSentinel AI\audio_dataset\raw\Background Noise\us8k_14387-9-0-11.wav,C:\Users\CZ\Desktop\SonicSentinel AI\_to_delete\label_audit\Background Noise\us8k_14387-9-0-11.wav,delete
AUD-005854,C:\Users\CZ\Desktop\SonicSentinel AI\audio_dataset\raw\Background Noise\esc50_4-59579-A-20.wav,C:\Users\CZ\Desktop\SonicSentinel AI\audio_dataset\raw\Background Noise\esc50_4-59579-A-20_dup.wav,move:Background Noise
AUD-004751,C:\Users\CZ\Desktop\SonicSentinel AI\audio_dataset\raw\Panic Scream\scream_TGLRVVyQ1WQ_out.wav,C:\Users\CZ\Desktop\SonicSentinel AI\_to_delete\label_audit\Panic Scream\scream_TGLRVVyQ1WQ_out.wav,delete
AUD-005985,C:\Users\CZ\Desktop\SonicSentinel AI\audio_dataset\raw\Background Noise\extra_freesound_community-glass-clinking-92385.mp3,C:\Users\CZ\Desktop\SonicSentinel AI\_to_delete\label_audit\Background Noise\extra_freesound_community-glass-clinking-92385.mp3,delete
AUD-001487,C:\Users\CZ\Desktop\SonicSentinel AI\audio_dataset\raw\Vehicle Horn\esc50_1-17124-A-43.wav,C:\Users\CZ\Desktop\SonicSentinel AI\audio_dataset\raw\Vehicle Horn\esc50_1-17124-A-43_dup.wav,move:Vehicle Horn
AUD-002407,C:\Users\CZ\Desktop\SonicSentinel AI\audio_dataset\raw\Animal Sound\us8k_128891-3-0-5.wav,C:\Users\CZ\Desktop\SonicSentinel AI\audio_dataset\raw\Animal Sound\us8k_128891-3-0-5_dup.wav,move:Animal Sound
AUD-005498,C:\Users\CZ\Desktop\SonicSentinel AI\audio_dataset\raw\Background Noise\esc50_1-61534-A-27.wav,C:\Users\CZ\Desktop\SonicSentinel AI\audio_dataset\raw\Background Noise\esc50_1-61534-A-27_dup.wav,move:Background Noise
AUD-005957,C:\Users\CZ\Desktop\SonicSentinel AI\audio_dataset\raw\Background Noise\esc50_5-259640-A-29.wav,C:\Users\CZ\Desktop\SonicSentinel AI\_to_delete\label_audit\Background Noise\esc50_5-259640-A-29.wav,delete
AUD-001799,C:\Users\CZ\Desktop\SonicSentinel AI\audio_dataset\raw\Vehicle Horn\us8k_72259-1-9-8.wav,C:\Users\CZ\Desktop\SonicSentinel AI\_to_delete\label_audit\Vehicle Horn\us8k_72259-1-9-8.wav,delete
AUD-004953,C:\Users\CZ\Desktop\SonicSentinel AI\audio_dataset\raw\Aggression\vsd_angry_055_00400.wav,C:\Users\CZ\Desktop\SonicSentinel AI\audio_dataset\raw\Aggression\vsd_angry_055_00400_dup.wav,move:Aggression
AUD-006427,C:\Users\CZ\Desktop\SonicSentinel AI\audio_dataset\raw\Background Noise\notscream_GLb9zvhNSXE_out.wav,C:\Users\CZ\Desktop\SonicSentinel AI\_to_delete\label_audit\Background Noise\notscream_GLb9zvhNSXE_out.wav,delete
AUD-001506,C:\Users\CZ\Desktop\SonicSentinel AI\audio_dataset\raw\Vehicle Horn\esc50_3-155130-A-43.wav,C:\Users\CZ\Desktop\SonicSentinel AI\audio_dataset\raw\Vehicle Horn\esc50_3-155130-A-43_dup.wav,move:Vehicle Horn
AUD-000686,C:\Users\CZ\Desktop\SonicSentinel AI\audio_dataset\raw\Alarm or Siren\esc50_5-117122-A-42.wav,C:\Users\CZ\Desktop\SonicSentinel AI\audio_dataset\raw\Alarm or Siren\esc50_5-117122-A-42_dup.wav,move:Alarm or Siren
AUD-006772,C:\Users\CZ\Desktop\SonicSentinel AI\audio_dataset\raw\Background Noise\us8k_168037-4-7-0.wav,C:\Users\CZ\Desktop\SonicSentinel AI\audio_dataset\raw\Background Noise\us8k_168037-4-7-0_dup.wav,move:Background Noise
AUD-005595,C:\Users\CZ\Desktop\SonicSentinel AI\audio_dataset\raw\Background Noise\esc50_2-66637-B-20.wav,C:\Users\CZ\Desktop\SonicSentinel AI\audio_dataset\raw\Background Noise\esc50_2-66637-B-20_dup.wav,move:Background Noise
AUD-005963,C:\Users\CZ\Desktop\SonicSentinel AI\audio_dataset\raw\Background Noise\esc50_5-263775-B-26.wav,C:\Users\CZ\Desktop\SonicSentinel AI\audio_dataset\raw\Background Noise\esc50_5-263775-B-26_dup.wav,move:Background Noise
AUD-001850,C:\Users\CZ\Desktop\SonicSentinel AI\audio_dataset\raw\Vehicle Horn\us8k_7389-1-4-2.wav,C:\Users\CZ\Desktop\SonicSentinel AI\audio_dataset\raw\Vehicle Horn\us8k_7389-1-4-2_dup.wav,move:Vehicle Horn
AUD-004301,C:\Users\CZ\Desktop\SonicSentinel AI\audio_dataset\raw\Panic Scream\scream__1JL0dL_h68_out.wav,C:\Users\CZ\Desktop\SonicSentinel AI\_to_delete\label_audit\Panic Scream\scream__1JL0dL_h68_out.wav,delete
AUD-005971,C:\Users\CZ\Desktop\SonicSentinel AI\audio_dataset\raw\Background Noise\extra_floraphonic-metal-hit-58-193319.mp3,C:\Users\CZ\Desktop\SonicSentinel AI\audio_dataset\raw\Background Noise\extra_floraphonic-metal-hit-58-193319_dup.mp3,move:Background Noise
AUD-001576,C:\Users\CZ\Desktop\SonicSentinel AI\audio_dataset\raw\Vehicle Horn\us8k_17074-1-0-0.wav,C:\Users\CZ\Desktop\SonicSentinel AI\audio_dataset\raw\Vehicle Horn\us8k_17074-1-0-0_dup.wav,move:Vehicle Horn
AUD-004856,C:\Users\CZ\Desktop\SonicSentinel AI\audio_dataset\raw\Panic Scream\scream_XyDwFEw4Liw_out.wav,C:\Users\CZ\Desktop\SonicSentinel AI\_to_delete\label_audit\Panic Scream\scream_XyDwFEw4Liw_out.wav,delete
AUD-002036,C:\Users\CZ\Desktop\SonicSentinel AI\audio_dataset\raw\Animal Sound\esc50_3-105235-A-7.wav,C:\Users\CZ\Desktop\SonicSentinel AI\audio_dataset\raw\Animal Sound\esc50_3-105235-A-7_dup.wav,move:Animal Sound
AUD-005701,C:\Users\CZ\Desktop\SonicSentinel AI\audio_dataset\raw\Background Noise\esc50_3-154378-A-30.wav,C:\Users\CZ\Desktop\SonicSentinel AI\audio_dataset\raw\Background Noise\esc50_3-154378-A-30_dup.wav,move:Background Noise
AUD-006759,C:\Users\CZ\Desktop\SonicSentinel AI\audio_dataset\raw\Background Noise\us8k_162318-2-0-17.wav,C:\Users\CZ\Desktop\SonicSentinel AI\audio_dataset\raw\Background Noise\us8k_162318-2-0-17_dup.wav,move:Background Noise
AUD-001859,C:\Users\CZ\Desktop\SonicSentinel AI\audio_dataset\raw\Vehicle Horn\us8k_82317-1-0-0.wav,C:\Users\CZ\Desktop\SonicSentinel AI\audio_dataset\raw\Vehicle Horn\us8k_82317-1-0-0_dup.wav,move:Vehicle Horn
AUD-006551,C:\Users\CZ\Desktop\SonicSentinel AI\audio_dataset\raw\Background Noise\notscream_T5CiDF-wAmg_out.wav,C:\Users\CZ\Desktop\SonicSentinel AI\_to_delete\label_audit\Background Noise\notscream_T5CiDF-wAmg_out.wav,delete
AUD-001912,C:\Users\CZ\Desktop\SonicSentinel AI\audio_dataset\raw\Animal Sound\esc50_1-34119-B-1.wav,C:\Users\CZ\Desktop\SonicSentinel AI\audio_dataset\raw\Animal Sound\esc50_1-34119-B-1_dup.wav,move:Animal Sound
AUD-002030,C:\Users\CZ\Desktop\SonicSentinel AI\audio_dataset\raw\Animal Sound\esc50_2-99955-A-7.wav,C:\Users\CZ\Desktop\SonicSentinel AI\_to_delete\label_audit\Animal Sound\esc50_2-99955-A-7.wav,delete
AUD-002716,C:\Users\CZ\Desktop\SonicSentinel AI\audio_dataset\raw\Animal Sound\us8k_29937-3-0-8.wav,C:\Users\CZ\Desktop\SonicSentinel AI\_to_delete\label_audit\Animal Sound\us8k_29937-3-0-8.wav,delete
AUD-000650,C:\Users\CZ\Desktop\SonicSentinel AI\audio_dataset\raw\Alarm or Siren\esc50_2-89516-A-37.wav,C:\Users\CZ\Desktop\SonicSentinel AI\audio_dataset\raw\Alarm or Siren\esc50_2-89516-A-37_dup.wav,move:Alarm or Siren
AUD-002516,C:\Users\CZ\Desktop\SonicSentinel AI\audio_dataset\raw\Animal Sound\us8k_174873-3-5-12.wav,C:\Users\CZ\Desktop\SonicSentinel AI\audio_dataset\raw\Animal Sound\us8k_174873-3-5-12_dup.wav,move:Animal Sound
AUD-005822,C:\Users\CZ\Desktop\SonicSentinel AI\audio_dataset\raw\Background Noise\esc50_4-187384-A-34.wav,C:\Users\CZ\Desktop\SonicSentinel AI\audio_dataset\raw\Background Noise\esc50_4-187384-A-34_dup.wav,move:Background Noise
AUD-005190,C:\Users\CZ\Desktop\SonicSentinel AI\audio_dataset\raw\Aggression\vsd_angry_204_02208.wav,C:\Users\CZ\Desktop\SonicSentinel AI\audio_dataset\raw\Aggression\vsd_angry_204_02208_dup.wav,move:Aggression
AUD-002761,C:\Users\CZ\Desktop\SonicSentinel AI\audio_dataset\raw\Animal Sound\us8k_37869-3-0-0.wav,C:\Users\CZ\Desktop\SonicSentinel AI\audio_dataset\raw\Animal Sound\us8k_37869-3-0-0_dup.wav,move:Animal Sound
AUD-006342,C:\Users\CZ\Desktop\SonicSentinel AI\audio_dataset\raw\Background Noise\notscream__ezunRBSAQA_out.wav,C:\Users\CZ\Desktop\SonicSentinel AI\_to_delete\label_audit\Background Noise\notscream__ezunRBSAQA_out.wav,delete
AUD-006005,C:\Users\CZ\Desktop\SonicSentinel AI\audio_dataset\raw\Background Noise\extra_soundreality-cinematic-metal-hit-520222.mp3,C:\Users\CZ\Desktop\SonicSentinel AI\audio_dataset\raw\Background Noise\extra_soundreality-cinematic-metal-hit-520222_dup.mp3,move:Background Noise
AUD-006755,C:\Users\CZ\Desktop\SonicSentinel AI\audio_dataset\raw\Background Noise\us8k_161005-2-0-14.wav,C:\Users\CZ\Desktop\SonicSentinel AI\_to_delete\label_audit\Background Noise\us8k_161005-2-0-14.wav,delete
AUD-000112,C:\Users\CZ\Desktop\SonicSentinel AI\audio_dataset\raw\Machinery Fault\mimii_mimii_00000111.wav,C:\Users\CZ\Desktop\SonicSentinel AI\_to_delete\label_audit\Machinery Fault\mimii_mimii_00000111.wav,delete
AUD-006804,C:\Users\CZ\Desktop\SonicSentinel AI\audio_dataset\raw\Background Noise\us8k_180125-4-2-17.wav,C:\Users\CZ\Desktop\SonicSentinel AI\audio_dataset\raw\Background Noise\us8k_180125-4-2-17_dup.wav,move:Background Noise
AUD-002268,C:\Users\CZ\Desktop\SonicSentinel AI\audio_dataset\raw\Animal Sound\esc50_5-253085-B-3.wav,C:\Users\CZ\Desktop\SonicSentinel AI\audio_dataset\raw\Animal Sound\esc50_5-253085-B-3_dup.wav,move:Animal Sound
AUD-003645,C:\Users\CZ\Desktop\SonicSentinel AI\audio_dataset\raw\Gunshot\gun_MP5_8__78_.wav,C:\Users\CZ\Desktop\SonicSentinel AI\audio_dataset\raw\Gunshot\gun_MP5_8__78__dup.wav,move:Gunshot
AUD-002218,C:\Users\CZ\Desktop\SonicSentinel AI\audio_dataset\raw\Animal Sound\esc50_5-195517-A-7.wav,C:\Users\CZ\Desktop\SonicSentinel AI\audio_dataset\raw\Animal Sound\esc50_5-195517-A-7_dup.wav,move:Animal Sound
AUD-005593,C:\Users\CZ\Desktop\SonicSentinel AI\audio_dataset\raw\Background Noise\esc50_2-62226-A-26.wav,C:\Users\CZ\Desktop\SonicSentinel AI\audio_dataset\raw\Background Noise\esc50_2-62226-A-26_dup.wav,move:Background Noise
AUD-001527,C:\Users\CZ\Desktop\SonicSentinel AI\audio_dataset\raw\Vehicle Horn\us8k_100648-1-0-0.wav,C:\Users\CZ\Desktop\SonicSentinel AI\audio_dataset\raw\Vehicle Horn\us8k_100648-1-0-0_dup.wav,move:Vehicle Horn
AUD-000741,C:\Users\CZ\Desktop\SonicSentinel AI\audio_dataset\raw\Alarm or Siren\us8k_107357-8-0-0.wav,C:\Users\CZ\Desktop\SonicSentinel AI\_to_delete\label_audit\Alarm or Siren\us8k_107357-8-0-0.wav,delete
AUD-001948,C:\Users\CZ\Desktop\SonicSentinel AI\audio_dataset\raw\Animal Sound\esc50_1-77241-A-3.wav,C:\Users\CZ\Desktop\SonicSentinel AI\audio_dataset\raw\Animal Sound\esc50_1-77241-A-3_dup.wav,move:Animal Sound
AUD-006280,C:\Users\CZ\Desktop\SonicSentinel AI\audio_dataset\raw\Background Noise\notscream_1mB_cboJR8s_out.wav,C:\Users\CZ\Desktop\SonicSentinel AI\_to_delete\label_audit\Background Noise\notscream_1mB_cboJR8s_out.wav,delete
AUD-005814,C:\Users\CZ\Desktop\SonicSentinel AI\audio_dataset\raw\Background Noise\esc50_4-185415-A-21.wav,C:\Users\CZ\Desktop\SonicSentinel AI\audio_dataset\raw\Background Noise\esc50_4-185415-A-21_dup.wav,move:Background Noise
AUD-004722,C:\Users\CZ\Desktop\SonicSentinel AI\audio_dataset\raw\Panic Scream\scream_Rvtcyj2yclE_out.wav,C:\Users\CZ\Desktop\SonicSentinel AI\_to_delete\label_audit\Panic Scream\scream_Rvtcyj2yclE_out.wav,delete
AUD-002627,C:\Users\CZ\Desktop\SonicSentinel AI\audio_dataset\raw\Animal Sound\us8k_197075-3-1-1.wav,C:\Users\CZ\Desktop\SonicSentinel AI\_to_delete\label_audit\Animal Sound\us8k_197075-3-1-1.wav,delete
AUD-000214,C:\Users\CZ\Desktop\SonicSentinel AI\audio_dataset\raw\Machinery Fault\mimii_pump_id_00_00000109.wav,C:\Users\CZ\Desktop\SonicSentinel AI\_to_delete\label_audit\Machinery Fault\mimii_pump_id_00_00000109.wav,delete
AUD-005180,C:\Users\CZ\Desktop\SonicSentinel AI\audio_dataset\raw\Aggression\vsd_angry_204_00716.wav,C:\Users\CZ\Desktop\SonicSentinel AI\_to_delete\label_audit\Aggression\vsd_angry_204_00716.wav,delete
AUD-004284,C:\Users\CZ\Desktop\SonicSentinel AI\audio_dataset\raw\Panic Scream\scream_9bM_mkoP3lw_out.wav,C:\Users\CZ\Desktop\SonicSentinel AI\audio_dataset\raw\Panic Scream\scream_9bM_mkoP3lw_out_dup.wav,move:Panic Scream
AUD-001826,C:\Users\CZ\Desktop\SonicSentinel AI\audio_dataset\raw\Vehicle Horn\us8k_7389-1-0-3.wav,C:\Users\CZ\Desktop\SonicSentinel AI\audio_dataset\raw\Background Noise\us8k_7389-1-0-3.wav,move:Background Noise
AUD-005606,C:\Users\CZ\Desktop\SonicSentinel AI\audio_dataset\raw\Background Noise\esc50_2-79769-A-26.wav,C:\Users\CZ\Desktop\SonicSentinel AI\audio_dataset\raw\Background Noise\esc50_2-79769-A-26_dup.wav,move:Background Noise
